,additionalInfo/Service options/0/Delivery,address,categories/0,categoryName,cid,city,claimThisBusiness,countryCode,fid,imageUrl,imagesCount,isAdvertisement,location/lat,location/lng,neighborhood,openingHours/0/day,openingHours/0/hours,openingHours/1/day,openingHours/1/hours,openingHours/2/day,openingHours/2/hours,openingHours/3/day,openingHours/3/hours,openingHours/4/day,openingHours/4/hours,openingHours/5/day,openingHours/5/hours,openingHours/6/day,openingHours/6/hours,permanentlyClosed,phone,phoneUnformatted,placeId,postalCode,rank,reviewsCount,scrapedAt,searchPageUrl,searchString,state,street,subTitle,temporarilyClosed,title,totalScore,url,cleaned_street,cleaned_address
5,True,"Shop no. 4, Alankar Building, Dr Annie Besant Rd, nr. Kalki showroom, B Wing, Worli, Mumbai, Maharashtra 400030, India",Grocery store,Grocery store,14863145760372122912,Mumbai,False,IN,0x3be7cf03ec8243b1:0xce4480521bd56520,https://lh5.googleusercontent.com/p/AF1QipMVfgjUuC4_AjB-BwP8p0RRvDUl513LeqlCJ98M=w408-h272-k-no,51.0,False,19.0027721,72.8155206,"B Wing, Worli",Monday,6:45 AM to 11 PM,Tuesday,6:45 AM to 11 PM,Wednesday,6:45 AM to 11 PM,Thursday,6:45 AM to 11 PM,Friday,6:45 AM to 11 PM,Saturday,6:45 AM to 11 PM,Sunday,6:45 AM to 11 PM,False,+91 78080 74040,917808074040.0,ChIJsUOC7APP5zsRIGXVG1KARM4,400030.0,1,48,2024-09-22T16:37:15.483Z,"https://www.google.com/maps/search/grocery/@18.99726247023725,72.81271501915576,16z?hl=en",grocery,Maharashtra,"Shop no. 4, Alankar Building, Dr Annie Besant Rd, nr. Kalki showroom",राखांगिस 7 लप (कन्व्हेअन्स स्टोर),False,Rakhangi's 7 LLP (Convenience Store),4.5,https://www.google.com/maps/search/?api=1&query=Rakhangi's%207%20LLP%20(Convenience%20Store)&query_place_id=ChIJsUOC7APP5zsRIGXVG1KARM4,"Shop no. 4, Alankar Building, Dr Annie Besant Rd, nr. Kalki showroom","Shop no. 4, Alankar Building, Dr Annie Besant Rd, nr. Kalki showroom, B Wing, Worli, Mumbai, Maharashtra 400030, India"
6,True,"262, Bapty Rd, Navjeevan Society, Dalal Estate, Kamathipura, Mumbai, Maharashtra 400008, India",Indian grocery store,Indian grocery store,11868546536258091341,Mumbai,True,IN,0x3be7ce14de189aaf:0xa4b58c3145db394d,https://lh5.googleusercontent.com/p/AF1QipPcS8xn3amfrR-Jl6BgIuRoDqXDsMR0QAqfcT9f=w408-h306-k-no,4.0,False,18.963671,72.8246084,"Navjeevan Society, Dalal Estate, Kamathipura",Monday,7 AM to 11 PM,Tuesday,7 AM to 11 PM,Wednesday,7 AM to 11 PM,Thursday,7 AM to 11 PM,Friday,7 AM to 11 PM,Saturday,7 AM to 11 PM,Sunday,7 AM to 11 PM,False,+91 93222 08862,919322208862.0,ChIJr5oY3hTO5zsRTTnbRTGMtaQ,400008.0,3,14,2024-09-22T16:37:15.439Z,"https://www.google.com/maps/search/grocery/@18.96477430992091,72.81271501915576,16z?hl=en",grocery,Maharashtra,"262, Bapty Rd",मर्चंट स्टोर,False,Merchant Store,4.1,https://www.google.com/maps/search/?api=1&query=Merchant%20Store&query_place_id=ChIJr5oY3hTO5zsRTTnbRTGMtaQ,"262, Bapty Rd","262, Bapty Rd, Navjeevan Society, Dalal Estate, Kamathipura, Mumbai, Maharashtra 400008, India"
7,True,"Shop No. 14, Rangwala Building, Fancy Market, Red Cross St, Nagpada, Agripada, Mumbai, Maharashtra 400011, India",Grocery store,Grocery store,5835992941414124280,Mumbai,False,IN,0x3be7ce683906fc4b:0x50fd9ca8e8ad0af8,https://lh5.googleusercontent.com/p/AF1QipMnp7HvDecSUeSHE7iJQgTni2GrKaalBLvT1TPR=w408-h306-k-no,41.0,False,18.9748253,72.8266552,"Nagpada, Agripada",Monday,Open 24 hours,Tuesday,Open 24 hours,Wednesday,Open 24 hours,Thursday,Open 24 hours,Friday,Open 24 hours,Saturday,Open 24 hours,Sunday,Open 24 hours,False,+91 98210 04623,919821004623.0,ChIJS_wGOWjO5zsR-Aqt6Kic_VA,400011.0,5,50,2024-09-22T16:37:15.333Z,"https://www.google.com/maps/search/grocery/@18.98101839007908,72.82988427305192,16z?hl=en",grocery,Maharashtra,"Shop No. 14, Rangwala Building, Fancy Market, Red Cross St",गोल्डन अत्ता,False,Golden atta,5.0,https://www.google.com/maps/search/?api=1&query=Golden%20atta&query_place_id=ChIJS_wGOWjO5zsR-Aqt6Kic_VA,"Shop No. 14, Rangwala Building, Fancy Market, Red Cross St","Shop No. 14, Rangwala Building, Fancy Market, Red Cross St, Nagpada, Agripada, Mumbai, Maharashtra 400011, India"
14,True,"shop no. 3, Shiv krupa stores, B wing, Balkrishna Nakashe Marg, Janata Nagar, Tardeo, Mumbai, Maharashtra 400034, India",Grocery store,Grocery store,12601695435270886420,Mumbai,False,IN,0x3be7cfcbabc7b76f:0xaee2373b52fb9414,https://lh5.googleusercontent.com/p/AF1QipMDjYNerzNNzahG9HuoDFrgsOK_u1OXy9WX_Pdk=w408-h749-k-no,4.0,False,18.97235,72.8131217,"Janata Nagar, Tardeo",Monday,8 AM to 9 PM,Tuesday,8 AM to 9 PM,Wednesday,8 AM to 9 PM,Thursday,8 AM to 9 PM,Friday,8 AM to 9 PM,Saturday,8 AM to 9 PM,Sunday,8 AM to 9 PM,False,+91 98929 74410,919892974410.0,ChIJb7fHq8vP5zsRFJT7Ujs34q4,400034.0,6,15,2024-09-22T16:37:15.439Z,"https://www.google.com/maps/search/grocery/@18.96477430992091,72.81271501915576,16z?hl=en",grocery,Maharashtra,"shop no. 3, Shiv krupa stores, B wing, Balkrishna Nakashe Marg",श्री शिव कृपा स्टोर्स (सुपरमार्केट),False,Shri Shiv krupa Stores (Supermarket),4.9,https://www.google.com/maps/search/?api=1&query=Shri%20Shiv%20krupa%20Stores%20(Supermarket)&query_place_id=ChIJb7fHq8vP5zsRFJT7Ujs34q4,"shop no. 3, Shiv krupa stores, B wing, Balkrishna Nakashe Marg","shop no. 3, Shiv krupa stores, B wing, Balkrishna Nakashe Marg, Janata Nagar, Tardeo, Mumbai, Maharashtra 400034, India"
17,True,"XR57+MCJ, Gamdevi Rd, Gamdevi, Mumbai, Maharashtra 400007, India",Supermarket,Supermarket,8290409276157713155,Mumbai,True,IN,0x3be7ce0dcf9a2fe3:0x730d734febfbdb03,https://lh5.googleusercontent.com/p/AF1QipOf82PLFnLDY5OVAbnpCrVuwUwWwOkd7OPCWJmk=w426-h240-k-no,4.0,False,18.9592211,72.8135311,Gamdevi,Monday,9 AM to 9 PM,Tuesday,9 AM to 9 PM,Wednesday,9 AM to 9 PM,Thursday,9 AM to 9 PM,Friday,9 AM to 9 PM,Saturday,9 AM to 9 PM,Sunday,9 AM to 9 PM,False,+91 22 2381 3657,912223813657.0,ChIJ4y-azw3O5zsRA9v7609zDXM,400007.0,7,24,2024-09-22T16:37:15.439Z,"https://www.google.com/maps/search/grocery/@18.96477430992091,72.81271501915576,16z?hl=en",grocery,Maharashtra,"XR57+MCJ, Gamdevi Rd",विष्णु सुपर मार्केट,False,Visha Super Market,3.8,https://www.google.com/maps/search/?api=1&query=Visha%20Super%20Market&query_place_id=ChIJ4y-azw3O5zsRA9v7609zDXM,"XR57+MCJ, Gamdevi Rd","XR57+MCJ, Gamdevi Rd, Gamdevi, Mumbai, Maharashtra 400007, India"
18,True,"Fancy Market, Morland Rd, 400011, Agripada, Mumbai, Maharashtra 400011, India",Indian grocery store,Indian grocery store,16480238341450715458,Mumbai,False,IN,0x3be7ce683f04bde7:0xe4b591749bf15142,https://lh5.googleusercontent.com/p/AF1QipNcYHWXWk-VmebmYsB5RumEFTRZ2np4H1Ag6rF-=w426-h240-k-no,4.0,False,18.9751271,72.8265952,Agripada,Monday,9 AM to 9 PM,Tuesday,9 AM to 9 PM,Wednesday,9 AM to 9 PM,Thursday,9 AM to 9 PM,Friday,9 AM to 9 PM,Saturday,9 AM to 9 PM,Sunday,9 AM to 9 PM,False,+91 70214 90319,917021490319.0,ChIJ570EP2jO5zsRQlHxm3SRteQ,400011.0,9,28,2024-09-22T16:37:15.334Z,"https://www.google.com/maps/search/grocery/@18.98101839007908,72.82988427305192,16z?hl=en",grocery,Maharashtra,"Fancy Market, Morland Rd, 400011",कोहिनूर मसाला आणि किराणा स्टोअर,False,Kohinoor Masala & Kirana Store,4.6,https://www.google.com/maps/search/?api=1&query=Kohinoor%20Masala%20%26%20Kirana%20Store&query_place_id=ChIJ570EP2jO5zsRQlHxm3SRteQ,"Fancy Market, Morland Rd, 400011","Fancy Market, Morland Rd, 400011, Agripada, Mumbai, Maharashtra 400011, India"
24,True,"Shop Number 7, Dubash Building, Haines Road, Bapurao Jagtap Marg, Byculla (W), Bapurao Jagtap Marg, Municipal Colony, Byculla West, Jacob Circle, Mumbai, Maharashtra 400011, India",Grocery store,Grocery store,1165767572364435293,Mumbai,True,IN,0x3be7ce42daf05bef:0x102da36e39739f5d,https://streetviewpixels-pa.googleapis.com/v1/thumbnail?panoid=Y2OTF9GznzhyZHs1stgY0g&cb_client=search.gws-prod.gps&w=408&h=240&yaw=251.00504&pitch=0&thumbfov=100,1.0,False,18.9764593,72.8302121,"Municipal Colony, Byculla West, Jacob Circle",Monday,8:30 AM to 9:30 PM,Tuesday,8:30 AM to 9:30 PM,Wednesday,8:30 AM to 9:30 PM,Thursday,8:30 AM to 9:30 PM,Friday,8:30 AM to 9:30 PM,Saturday,8:30 AM to 9:30 PM,Sunday,8:30 AM to 9:30 PM,False,+91 90296 10079,919029610079.0,ChIJ71vw2kLO5zsRXZ9zOW6jLRA,400011.0,11,12,2024-09-22T16:37:15.334Z,"https://www.google.com/maps/search/grocery/@18.98101839007908,72.82988427305192,16z?hl=en",grocery,Maharashtra,"Shop Number 7, Dubash Building, Haines Road, Bapurao Jagtap Marg, Byculla (W), Bapurao Jagtap Marg",भायखळा ग्रेन स्टोर,False,Byculla Grain Store,4.7,https://www.google.com/maps/search/?api=1&query=Byculla%20Grain%20Store&query_place_id=ChIJ71vw2kLO5zsRXZ9zOW6jLRA,"Shop Number 7, Dubash Building, Haines Road, Bapurao Jagtap Marg, Byculla (W), Bapurao Jagtap Marg","Shop Number 7, Dubash Building, Haines Road, Bapurao Jagtap Marg, Byculla (W), Bapurao Jagtap Marg, Municipal Colony, Byculla West, Jacob Circle, Mumbai, Maharashtra 400011, India"
29,True,"XRMR+P8W, AG Pawar Marg, Cotton Green West, Ghodapdeo, Byculla East, Byculla, Mumbai, Maharashtra 400027, India",Indian grocery store,Indian grocery store,2248180897233171429,Mumbai,True,IN,0x3be7ce574935cfa7:0x1f33249d5a66f3e5,https://lh5.googleusercontent.com/p/AF1QipMdVWoi_2qbIlk357LWftz9HBAUi2OD-1Ar1_zm=w408-h544-k-no,4.0,False,18.9843519,72.84083,"Cotton Green West, Ghodapdeo, Byculla East, Byculla",Monday,8 AM to 10 PM,Tuesday,8 AM to 10 PM,Wednesday,8 AM to 10 PM,Thursday,8 AM to 10 PM,Friday,8 AM to 10 PM,Saturday,8 AM to 10 PM,Sunday,Closed,False,+91 99672 08733,919967208733.0,ChIJp881SVfO5zsR5fNmWp0kMx8,400027.0,12,13,2024-09-22T16:37:15.334Z,"https://www.google.com/maps/search/grocery/@18.98101839007908,72.82988427305192,16z?hl=en",grocery,Maharashtra,"XRMR+P8W, AG Pawar Marg",कैलाश जनरल स्टोअर,False,Kailash General Store,3.8,https://www.google.com/maps/search/?api=1&query=Kailash%20General%20Store&query_place_id=ChIJp881SVfO5zsR5fNmWp0kMx8,"XRMR+P8W, AG Pawar Marg","XRMR+P8W, AG Pawar Marg, Cotton Green West, Ghodapdeo, Byculla East, Byculla, Mumbai, Maharashtra 400027, India"
33,True,"New Hind, New Patra Chawl, Maharashtra Housing and Area Development Authority Colony, Byculla East, Byculla, Mumbai, Maharashtra 400027, India",Produce market,Produce market,10148425073097336455,Mumbai,False,IN,0x3be7cfbcb60b26e7:0x8cd672d5d7a26687,https://lh5.googleusercontent.com/p/AF1QipMCgKMFKHo3GB0DUAETcFfTK4osdjy12U1gnqvD=w426-h240-k-no,4.0,False,18.983324,72.8392342,"New Patra Chawl, Maharashtra Housing and Area Development Authority Colony, Byculla East, Byculla",Monday,Open 24 hours,Tuesday,Open 24 hours,Wednesday,Open 24 hours,Thursday,Open 24 hours,Friday,Open 24 hours,Saturday,Open 24 hours,Sunday,Open 24 hours,False,+91 84324 32233,918432432233.0,ChIJ5yYLtrzP5zsRh2ai19Vy1ow,400027.0,9,3,2024-09-22T16:37:15.647Z,"https://www.google.com/maps/search/grocery/@18.98101839007908,72.84705352694807,16z?hl=en",grocery,Maharashtra,New Hind,वेजीकेनाइफ - मुंबई,False,Vegknife - Mumbai,4.3,https://www.google.com/maps/search/?api=1&query=Vegknife%20-%20Mumbai&query_place_id=ChIJ5yYLtrzP5zsRh2ai19Vy1ow,New Hind,"New Hind, New Patra Chawl, Maharashtra Housing Area Development Authority Colony, Byculla East, Byculla, Mumbai, Maharashtra 400027, India"
34,True,"Shop No. 49, Ananad Estate, NM Joshi Marg, Chinchpokli (W), Jacob Circle, Mumbai, Maharashtra 400011, India",Grocery store,Grocery store,1959457278048155352,Mumbai,True,IN,0x3be7ce5ee3662d47:0x1b316403429d36d8,https://lh5.googleusercontent.com/p/AF1QipOjBOiO6UsVk1w7iVVdstCni0ndOf2QP31kwXg=w408-h544-k-no,4.0,False,18.9856351,72.8316389,"Chinchpokli (W), Jacob Circle",Monday,9 AM to 10 PM,Tuesday,9 AM to 10 PM,Wednesday,9 AM to 10 PM,Thursday,9 AM to 10 PM,Friday,9 AM to 10 PM,Saturday,9 AM to 10 PM,Sunday,9 AM to 10 PM,False,+91 97021 09191,919702109191.0,ChIJRy1m417O5zsR2DadQgNkMRs,400011.0,16,5,2024-09-22T16:37:15.334Z,"https://www.google.com/maps/search/grocery/@18.98101839007908,72.82988427305192,16z?hl=en",grocery,Maharashtra,"Shop No. 49, Ananad Estate, NM Joshi Marg",मंगल सुपर मार्केट,False,Mangal Super Market,3.6,https://www.google.com/maps/search/?api=1&query=Mangal%20Super%20Market&query_place_id=ChIJRy1m417O5zsR2DadQgNkMRs,"Shop No. 49, Ananad Estate, NM Joshi Marg","Shop No. 49, Ananad Estate, NM Joshi Marg, Chinchpokli (W), Jacob Circle, Mumbai, Maharashtra 400011, India"
35,True,"Shop No.5, R K Patel Building, 190, 1, Nanubhai Desai Rd, opp. Police Quarters, Mumbai, Maharashtra 400004, India",Grocery store,Grocery store,13499315222925703759,Mumbai,False,IN,0x3be7cffb99f60c89:0xbb5733ac3d827a4f,https://lh5.googleusercontent.com/p/AF1QipPdCoEHMStV8paXUZZ9zFiONGkZ_jJxWbdEJNIZ=w514-h240-k-no,4.0,False,18.9585811,72.8222904,"Charni Road East, Khetwadi, Grant Road",Monday,8 AM to 10 PM,Tuesday,8 AM to 10 PM,Wednesday,8 AM to 10 PM,Thursday,8 AM to 10 PM,Friday,8 AM to 10 PM,Saturday,8 AM to 10 PM,Sunday,8 AM to 10 PM,False,+91 70213 77792,917021377792.0,ChIJiQz2mfvP5zsRT3qCPawzV7s,400004.0,11,10,2024-09-22T16:37:15.439Z,"https://www.google.com/maps/search/grocery/@18.96477430992091,72.81271501915576,16z?hl=en",grocery,Maharashtra,"Shop No.5, R K Patel Building, 190, 1, Nanubhai Desai Rd, opp. Police Quarters",रेलिअब्ले सुपरमार्केट,False,Reliable Supermarket,4.1,https://www.google.com/maps/search/?api=1&query=Reliable%20Supermarket&query_place_id=ChIJiQz2mfvP5zsRT3qCPawzV7s,"Shop No.5, R K Patel Building, 190, 1, Nanubhai Desai Rd, opp. Police Quarters","Shop No.5, R K Patel Building, 190, 1, Nanubhai Desai Rd, opp. Police Quarters, Mumbai, Maharashtra 400004, India"
40,True,"Gaiwadi X Lane No. 7, Below Royal Avenue Tower, Dr Viegas St, Mumbai, Maharashtra 400002, India",Indian grocery store,Indian grocery store,5025471531423628583,Mumbai,True,IN,0x3be7cfea2e11b9e1:0x45be0fbb5357fd27,https://lh5.googleusercontent.com/p/AF1QipPzmHVN-hYHfW3lkXHbcVFiAN9riisi534fHjFm=w408-h271-k-no,2.0,False,18.9490211,72.8273759,"Marine Lines East, Pungeswari, Kalbadevi",Monday,7 AM to 11 PM,Tuesday,7 AM to 11 PM,Wednesday,7 AM to 11 PM,Thursday,7 AM to 11 PM,Friday,7 AM to 11 PM,Saturday,7 AM to 11 PM,Sunday,7 AM to 11 PM,False,+91 79000 80636,917900080636.0,ChIJ4bkRLurP5zsRJ_1XU7sPvkU,400002.0,4,3,2024-09-22T16:37:15.747Z,"https://www.google.com/maps/search/grocery/@18.95931945,72.90252835000001,16z?hl=en",grocery,Maharashtra,"Gaiwadi X Lane No. 7, Below Royal Avenue Tower, Dr Viegas St",द सस्ता स्टोर,False,The Sasta Store,5.0,https://www.google.com/maps/search/?api=1&query=The%20Sasta%20Store&query_place_id=ChIJ4bkRLurP5zsRJ_1XU7sPvkU,"Gaiwadi X Lane No. 7, Royal Avenue Tower, Dr Viegas St","Gaiwadi X Lane No. 7, Royal Avenue Tower, Dr Viegas St, Mumbai, Maharashtra 400002, India"
44,True,"Shop no 1, Diamond Building, R.B Marg, Chaskar Chawl, Ghodapdeo, Byculla East, Byculla, Mumbai, Maharashtra 400033, India",Indian grocery store,Indian grocery store,6330632998826065317,Mumbai,False,IN,0x3be7ce5a64fc5343:0x57daed2bda64bda5,https://lh5.googleusercontent.com/p/AF1QipOsKOFaBEu23SZPtD1K8P5qTKQ6YfL5lha6E5Y-=w408-h272-k-no,4.0,False,18.9804587,72.8406179,"Chaskar Chawl, Ghodapdeo, Byculla East, Byculla",Monday,7:30 AM to 10 PM,Tuesday,7:30 AM to 10 PM,Wednesday,7:30 AM to 10 PM,Thursday,7:30 AM to 10 PM,Friday,7:30 AM to 10 PM,Saturday,7:30 AM to 10 PM,Sunday,7:30 AM to 10 PM,False,+91 82912 29367,918291229367.0,ChIJQ1P8ZFrO5zsRpb1k2ivt2lc,400033.0,11,28,2024-09-22T16:37:15.647Z,"https://www.google.com/maps/search/grocery/@18.98101839007908,72.84705352694807,16z?hl=en",grocery,Maharashtra,"Shop no 1, Diamond Building, R.B Marg",पी॰एम॰ गुप्ता फरसाण मार्ट (सिन्स 1979),False,P.M. Gupta Farsan Mart (since 1979),4.4,https://www.google.com/maps/search/?api=1&query=P.M.%20Gupta%20Farsan%20Mart%20(since%201979)&query_place_id=ChIJQ1P8ZFrO5zsRpb1k2ivt2lc,"Shop 1, Diamond Building, R.B Marg","Shop 1, Diamond Building, R.B Marg, Chaskar Chawl, Ghodapdeo, Byculla East, Byculla, Mumbai, Maharashtra 400033, India"
47,True,"252-56, Bara Imam Rd, Ajmer, Jamli Mohalla, Null Bazar, Bhuleshwar, Mumbai, Maharashtra 400003, India",Indian grocery store,Indian grocery store,2959952715920297438,Mumbai,False,IN,0x3be7ce3d994fa707:0x2913dd500861cdde,https://lh5.googleusercontent.com/p/AF1QipMtYYP0F_bh1H_Wg58JX-YkMOWm2YAv-xmsfNzX=w408-h306-k-no,4.0,False,18.9573777,72.8289672,"Ajmer, Jamli Mohalla, Null Bazar, Bhuleshwar",Monday,9 AM to 7 PM,Tuesday,9 AM to 7 PM,Wednesday,9 AM to 7 PM,Thursday,9 AM to 7 PM,Friday,9 AM to 7 PM,Saturday,9 AM to 7 PM,Sunday,Closed,False,+91 98207 69988,919820769988.0,ChIJB6dPmT3O5zsR3s1hCFDdEyk,400003.0,10,73,2024-09-22T16:37:15.594Z,"https://www.google.com/maps/search/grocery/@18.96477430992091,72.82988427305192,16z?hl=en",grocery,Maharashtra,"252-56, Bara Imam Rd",शा रामजी भावांजी & को॰,False,Sha Ramji Bhavanji & Co.,4.6,https://www.google.com/maps/search/?api=1&query=Sha%20Ramji%20Bhavanji%20%26%20Co.&query_place_id=ChIJB6dPmT3O5zsR3s1hCFDdEyk,"252-56, Bara Imam Rd","252-56, Bara Imam Rd, Ajmer, Jamli Mohalla, Null Bazar, Bhuleshwar, Mumbai, Maharashtra 400003, India"
50,True,"14, Modi Seth Chawl, GD Ambekar Marg, Ambewadi, Kalachowki, Lal Baug, Parel, Mumbai, Maharashtra 400033, India",Indian grocery store,Indian grocery store,4905130633755931911,Mumbai,False,IN,0x3be7cef86cf26351:0x44128652a9e8b507,https://lh5.googleusercontent.com/p/AF1QipPi8bqJA_6DesW8yl-k3pWJaa9pL2Rsz2KCZzfl=w408-h306-k-no,4.0,False,18.99089,72.8413993,"Ambewadi, Kalachowki, Lal Baug, Parel",Monday,8:30 AM to 8:30 PM,Tuesday,8:30 AM to 8:30 PM,Wednesday,8:30 AM to 8:30 PM,Thursday,8:30 AM to 8:30 PM,Friday,8:30 AM to 8:30 PM,Saturday,8:30 AM to 8:30 PM,Sunday,8:30 AM to 1 PM,False,+91 98200 90948,919820090948.0,ChIJUWPybPjO5zsRB7XoqVKGEkQ,400033.0,12,3,2024-09-22T16:37:15.647Z,"https://www.google.com/maps/search/grocery/@18.98101839007908,72.84705352694807,16z?hl=en",grocery,Maharashtra,"14, Modi Seth Chawl, GD Ambekar Marg",अपना सुपर मार्केट,False,Apana Super Market,4.7,https://www.google.com/maps/search/?api=1&query=Apana%20Super%20Market&query_place_id=ChIJUWPybPjO5zsRB7XoqVKGEkQ,"14, Modi Seth Chawl, GD Ambekar Marg","14, Modi Seth Chawl, GD Ambekar Marg, Ambewadi, Kalachowki, Lal Baug, Parel, Mumbai, Maharashtra 400033, India"
58,True,"37/2645, Abhyudaya Nagar Rd, Jijamata Nagar, Kalachowki, Abhyudaya Nagar, Parel, Mumbai, Maharashtra 400033, India",Grocery store,Grocery store,5916295211194715314,Mumbai,True,IN,0x3be7cef86e471aa9:0x521ae726119b0cb2,https://lh3.googleusercontent.com/gps-proxy/ALd4DhEBUgryK7boiFdzBvfzPXwc32t74VFOFkWxo7lWyheCVQpopqH73zseV2twTjGdbcxsG22xjqacml1tXlWjZUCz59iJWY8xvyDxAG32476OyD8-oJx1zFZf2T1DrkB1zJmK74CB21pm7FSk9bxG_d6MM_K8dgAiUQ2Yn0510w7QiSnIlabL2ixFfrgPlQtlhUncjA=w408-h306-k-no,4.0,False,18.9905071,72.8416511,"Jijamata Nagar, Kalachowki, Abhyudaya Nagar, Parel",Monday,8:30 AM to 9:30 PM,Tuesday,8:30 AM to 9:30 PM,Wednesday,8:30 AM to 9:30 PM,Thursday,8:30 AM to 9:30 PM,Friday,8:30 AM to 9:30 PM,Saturday,8:30 AM to 9:30 PM,Sunday,8:30 AM to 9:30 PM,False,+91 98200 16043,919820016043.0,ChIJqRpHbvjO5zsRsgybESbnGlI,400033.0,13,33,2024-09-22T16:37:15.647Z,"https://www.google.com/maps/search/grocery/@18.98101839007908,72.84705352694807,16z?hl=en",grocery,Maharashtra,"37/2645, Abhyudaya Nagar Rd",गला फूड्स,False,Gala Foods,4.2,https://www.google.com/maps/search/?api=1&query=Gala%20Foods&query_place_id=ChIJqRpHbvjO5zsRsgybESbnGlI,"37/2645, Abhyudaya Nagar Rd","37/2645, Abhyudaya Nagar Rd, Jijamata Nagar, Kalachowki, Abhyudaya Nagar, Parel, Mumbai, Maharashtra 400033, India"
62,True,"GALA NO.3, SHIV SAMURTI BLDG.4, 4, Anandilal P Marg, near NAVJIVAN SOCIETY, Mumbai Central, Mumbai, Maharashtra 400008, India",Indian grocery store,Indian grocery store,14274553540852397268,Mumbai,False,IN,0x3be7cf8f753abb53:0xc61966d0c9cd34d4,https://streetviewpixels-pa.googleapis.com/v1/thumbnail?panoid=vmo-jU6OtpaqKn5hI_i3rw&cb_client=search.gws-prod.gps&w=408&h=240&yaw=27.647268&pitch=0&thumbfov=100,1.0,False,18.9671396,72.8286571,Mumbai Central,Monday,9 AM to 10 PM,Tuesday,9 AM to 10 PM,Wednesday,9 AM to 10 PM,Thursday,9 AM to 10 PM,Friday,9 AM to 10 PM,Saturday,8 AM to 10 PM,Sunday,8 AM to 9 PM,False,+91 98334 90096,919833490096.0,ChIJU7s6dY_P5zsR1DTNydBmGcY,400008.0,13,1,2024-09-22T16:37:15.594Z,"https://www.google.com/maps/search/grocery/@18.96477430992091,72.82988427305192,16z?hl=en",grocery,Maharashtra,"GALA NO.3, SHIV SAMURTI BLDG.4, 4, Anandilal P Marg, near NAVJIVAN SOCIETY",नंदू सुपर मार्केट के के मार्ग,False,Nandu Super Market K K Marg,5.0,https://www.google.com/maps/search/?api=1&query=Nandu%20Super%20Market%20K%20K%20Marg&query_place_id=ChIJU7s6dY_P5zsR1DTNydBmGcY,"GALA NO.3, SHIV SAMURTI BLDG.4, 4, Anandilal P Marg, near NAVJIVAN SOCIETY","GALA NO.3, SHIV SAMURTI BLDG.4, 4, Anandilal P Marg, near NAVJIVAN SOCIETY, Mumbai Central, Mumbai, Maharashtra 400008, India"
68,True,"Shop no. 77, Bawla Masjid Building, Plot no 271, NM Joshi Marg, Irani chawl, Lower Parel, Mumbai, Maharashtra 400013, India",Indian grocery store,Indian grocery store,6644116575993055449,Mumbai,False,IN,0x3be7cf6f50a2b519:0x5c34a4d2e659c8d9,https://lh5.googleusercontent.com/p/AF1QipPO2KCrcD1vwqoUADPE0_L_4mNkW5KlzuBHE1eh=w427-h240-k-no,4.0,False,18.9932314,72.8312732,"Irani chawl, Lower Parel",Monday,10 AM to 10 PM,Tuesday,10 AM to 10 PM,Wednesday,10 AM to 10 PM,Thursday,10 AM to 10 PM,Friday,10 AM to 10 PM,Saturday,10 AM to 10 PM,Sunday,10 AM to 2 PM,False,+91 99203 76033,919920376033.0,ChIJGbWiUG_P5zsR2chZ5tKkNFw,400013.0,17,1,2024-09-22T16:37:15.748Z,"https://www.google.com/maps/search/grocery/@18.95931945,72.90252835000001,16z?hl=en",grocery,Maharashtra,"Shop no. 77, Bawla Masjid Building, Plot no 271, NM Joshi Marg","राजेश स्टोर - ग्रोसेरी शॉप & सुपरमार्केट | कर्री रोड, लोअर परेल",False,"Rajesh Store - Grocery shop & Supermarket | Currey road, Lower parel",5.0,https://www.google.com/maps/search/?api=1&query=Rajesh%20Store%20-%20Grocery%20shop%20%26%20Supermarket%20%7C%20Currey%20road%2C%20Lower%20parel&query_place_id=ChIJGbWiUG_P5zsR2chZ5tKkNFw,"Shop no. 77, Bawla Masjid Building, Plot 271, NM Joshi Marg","Shop no. 77, Bawla Masjid Building, Plot 271, NM Joshi Marg, Irani chawl, Lower Parel, Mumbai, Maharashtra 400013, India"
69,True,"Shop Number 1/1A, Mini Sudarshan Building, Near Nepean Sea Road, LD Ruparel Marg, Malabar Hill, Mumbai, Maharashtra 400006, India",Grocery store,Grocery store,8019974334080877892,Mumbai,True,IN,0x3be7cde2f1b44ddf:0x6f4cac2a4aa40544,https://lh5.googleusercontent.com/p/AF1QipMufRvoE-j5iukIUvdvNhgziyvAPuftBnMA8EKg=w408-h317-k-no,4.0,False,18.9537439,72.8022824,Malabar Hill,Monday,7 AM to 9 PM,Tuesday,7 AM to 9 PM,Wednesday,7 AM to 9 PM,Thursday,7 AM to 9 PM,Friday,7 AM to 9 PM,Saturday,7 AM to 9 PM,Sunday,7 AM to 2:30 PM,False,+91 99679 18419,919967918419.0,ChIJ30208eLN5zsRRAWkSiqsTG8,400006.0,4,71,2024-09-22T16:37:15.838Z,"https://www.google.com/maps/search/grocery/@18.94853022976274,72.7955457652596,16z?hl=en",grocery,Maharashtra,"Shop Number 1/1A, Mini Sudarshan Building, Near Nepean Sea Road, LD Ruparel Marg, Malabar Hill",वेलकम जनरल स्टोअर्स,False,Welcome General Stores,4.5,https://www.google.com/maps/search/?api=1&query=Welcome%20General%20Stores&query_place_id=ChIJ30208eLN5zsRRAWkSiqsTG8,"Shop Number 1/1A, Mini Sudarshan Building, Near Nepean Sea Road, LD Ruparel Marg, Malabar Hill","Shop Number 1/1A, Mini Sudarshan Building, Near Nepean Sea Road, LD Ruparel Marg, Malabar Hill, Mumbai, Maharashtra 400006, India"
70,True,"Dhudwala Complex, 12 Basement, Kedy Tower, 233 - B, Bellasis Road, Clare Road, E Wing, Jehangir Boman Behram Rd, RBI Staff Colony, Mumbai Central, Mumbai, Maharashtra 400008, India",Dry fruit store,Dry fruit store,12340075605741489920,Mumbai,False,IN,0x3be7ce6b94de57d7:0xab40c16205af4f00,https://lh5.googleusercontent.com/p/AF1QipODgdp4XjpLV60fyAXM5ZgPdnx16eULzkyfTA2B=w648-h240-k-no,4.0,False,18.9692116,72.8232731,"RBI Staff Colony, Mumbai Central",Monday,Open 24 hours,Tuesday,Open 24 hours,Wednesday,Open 24 hours,Thursday,Open 24 hours,Friday,Open 24 hours,Saturday,Open 24 hours,Sunday,9 AM to 3:30 PM,False,+91 82910 10003,918291010003.0,ChIJ11felGvO5zsRAE-vBWLBQKs,400008.0,19,30,2024-09-22T16:37:15.440Z,"https://www.google.com/maps/search/grocery/@18.96477430992091,72.81271501915576,16z?hl=en",grocery,Maharashtra,"Dhudwala Complex, 12 Basement, Kedy Tower, 233 - B, Bellasis Road, Clare Road, E Wing, Jehangir Boman Behram Rd",सुकामेवा मार्ट,False,Dryfruit Mart,4.2,https://www.google.com/maps/search/?api=1&query=Dryfruit%20Mart&query_place_id=ChIJ11felGvO5zsRAE-vBWLBQKs,"Dhudwala Complex, 12 Basement, Kedy Tower, 233 - B, Bellasis Road, Clare Road, E Wing, Jehangir Boman Behram Rd","Dhudwala Complex, 12 Basement, Kedy Tower, 233 - B, Bellasis Road, Clare Road, E Wing, Jehangir Boman Behram Rd, RBI Staff Colony, Mumbai Central, Mumbai, Maharashtra 400008, India"
73,True,"Shop No, CLUSTER_MUMBAI-40, 135R, Rambhau Bhogle Marg, Ferbandar, Ghodapdeo, Byculla East, Byculla, Mumbai, Maharashtra 400033, India",Grocery store,Grocery store,4981551262839627728,Mumbai,True,IN,0x3be7ce50bbe90f77:0x4522067aebf45fd0,https://lh5.googleusercontent.com/p/AF1QipNWCDlTs15Sd7U07Lws3Jpt2KMb14nD_WjpCZvT=w408-h725-k-no,3.0,False,18.9828757,72.8407284,"Ferbandar, Ghodapdeo, Byculla East, Byculla",Monday,9 AM to 10 PM,Tuesday,9 AM to 10 PM,Wednesday,9 AM to 10 PM,Thursday,9 AM to 10 PM,Friday,9 AM to 10 PM,Saturday,9 AM to 10 PM,Sunday,9 AM to 10 PM,False,+91 90048 38921,919004838921.0,ChIJdw_pu1DO5zsR0F_063oGIkU,400033.0,15,1,2024-09-22T16:37:15.647Z,"https://www.google.com/maps/search/grocery/@18.98101839007908,72.84705352694807,16z?hl=en",grocery,Maharashtra,"Shop No, CLUSTER_MUMBAI-40, 135R, Rambhau Bhogle Marg",श्री करधर फरसाण मार्ट,False,Shree Kardhar Farsan Mart,5.0,https://www.google.com/maps/search/?api=1&query=Shree%20Kardhar%20Farsan%20Mart&query_place_id=ChIJdw_pu1DO5zsR0F_063oGIkU,"Shop No, CLUSTER_MUMBAI-40, 135R, Rambhau Bhogle Marg","Shop No, CLUSTER_MUMBAI-40, 135R, Rambhau Bhogle Marg, Ferbandar, Ghodapdeo, Byculla East, Byculla, Mumbai, Maharashtra 400033, India"
77,True,"Patil Niwas, 241, Walkeshwar Rd, Raj Bhavan, Malabar Hill, Mumbai, Maharashtra 400006, India",Grocery store,Grocery store,9453066985043198467,Mumbai,False,IN,0x3be7cdfbd321f949:0x83300a56a1790203,https://lh5.googleusercontent.com/p/AF1QipMu2vzyAUBoG2p9u3m8-FdylrhKEOJnhn9XRZqG=w408-h306-k-no,4.0,False,18.9455968,72.7954459,"Raj Bhavan, Malabar Hill",Monday,8 AM to 9 PM,Tuesday,8 AM to 9 PM,Wednesday,8 AM to 9 PM,Thursday,8 AM to 9 PM,Friday,8 AM to 9 PM,Saturday,8 AM to 9 PM,Sunday,8 AM to 1 PM,False,+91 22 2369 6786,912223696786.0,ChIJSfkh0_vN5zsRAwJ5oVYKMIM,400006.0,5,63,2024-09-22T16:37:15.838Z,"https://www.google.com/maps/search/grocery/@18.94853022976274,72.7955457652596,16z?hl=en",grocery,Maharashtra,"Patil Niwas, 241, Walkeshwar Rd",शाह प्रोविजन स्टोअर्स,False,Shah Provision Stores,4.1,https://www.google.com/maps/search/?api=1&query=Shah%20Provision%20Stores&query_place_id=ChIJSfkh0_vN5zsRAwJ5oVYKMIM,"Patil Niwas, 241, Walkeshwar Rd","Patil Niwas, 241, Walkeshwar Rd, Raj Bhavan, Malabar Hill, Mumbai, Maharashtra 400006, India"
80,True,"74/C, Mohammed Ali Rd, Nakhuda Mohalla, Chippi Chawl, Masjid Bandar, Mumbai, Maharashtra 400003, India",Indian grocery store,Indian grocery store,971472112663540898,Mumbai,True,IN,0x3be7ce249d3b4a97:0xd7b5cbd488234a2,https://lh3.googleusercontent.com/gps-proxy/ALd4DhGGitJNW5eguLKb-ckzq-shTnPu7IetPRV5a-jqcY40NmXqlqj0usEKPRszWCRVMhaLtsMeMeV6V1tv-aZWHYbmNw90s-TGCirpKfWb2jN6ug76V3Dg7ZYNxihpIOxgwGqYeiI3Myg38shkgj3ZRudra7s9HfSveUHVe3M4YPqI9GADYv2Dwj3221WFHranB1IKMQ=w408-h306-k-no,4.0,False,18.95098,72.8343934,"Nakhuda Mohalla, Chippi Chawl, Masjid Bandar",Monday,7 AM to 12 AM,Tuesday,7 AM to 12 AM,Wednesday,7 AM to 12 PM,Thursday,7 AM to 12 AM,Friday,7 AM to 12 PM,Saturday,7 AM to 12 AM,Sunday,7 AM to 12 AM,False,+91 98206 60955,919820660955.0,ChIJl0o7nSTO5zsRojSCSL1cew0,400003.0,20,79,2024-09-22T16:37:15.748Z,"https://www.google.com/maps/search/grocery/@18.95931945,72.90252835000001,16z?hl=en",grocery,Maharashtra,"74/C, Mohammed Ali Rd",अल्फा फर्शन,False,Alfa Farshan,4.4,https://www.google.com/maps/search/?api=1&query=Alfa%20Farshan&query_place_id=ChIJl0o7nSTO5zsRojSCSL1cew0,"74/C, Mohammed Ali Rd","74/C, Mohammed Ali Rd, Nakhuda Mohalla, Chippi Chawl, Masjid Bandar, Mumbai, Maharashtra 400003, India"
86,True,"Oppo Dariya mahal, Bus Stop, 80 Nepean sea road 1/A Stardust building, Mumbai, Maharashtra 400006, India",Grocery store,Grocery store,5181389347990216642,Mumbai,False,IN,0x3be7cf7156ad03bb:0x47e7fe28e9f31fc2,https://lh5.googleusercontent.com/p/AF1QipNEy-JW-va_hC0Jm4WhzzxVwOxZJdPHqHQVVA2T=w408-h544-k-no,47.0,False,18.9530738,72.7972738,Malabar Hill,Monday,8 AM to 8 PM,Tuesday,8 AM to 8 PM,Wednesday,8 AM to 8 PM,Thursday,8 AM to 8 PM,Friday,8 AM to 8 PM,Saturday,8 AM to 8 PM,Sunday,9 AM to 12 AM,False,+91 76664 23535,917666423535.0,ChIJuwOtVnHP5zsRwh_z6Sj-50c,400006.0,7,11,2024-09-22T16:37:15.838Z,"https://www.google.com/maps/search/grocery/@18.94853022976274,72.7955457652596,16z?hl=en",grocery,Maharashtra,"Oppo Dariya mahal, Bus Stop, 80 Nepean sea road 1/A Stardust building",शाह भीमशी नैया | सुपरमार्केट | ग्रोसेरी स्टोर |चोकोलातेस | द्र्य्फ्रुइट्स आइसक्रीम,False,SHAH BHIMSHI NAIYA | SUPERMARKET | GROCERY STORE |CHOCOLATES | DRYFRUITS ICECREAM,2.9,https://www.google.com/maps/search/?api=1&query=SHAH%20BHIMSHI%20NAIYA%20%7C%20SUPERMARKET%20%7C%20GROCERY%20STORE%20%7CCHOCOLATES%20%7C%20DRYFRUITS%20ICECREAM&query_place_id=ChIJuwOtVnHP5zsRwh_z6Sj-50c,"Oppo Dariya mahal, Bus Stop, 80 Nepean sea road 1/A Stardust building","Oppo Dariya mahal, Bus Stop, 80 Nepean sea road 1/A Stardust building, Mumbai, Maharashtra 400006, India"
87,True,"No 147/157, Digvijay Chawl, Dattaram Lad Marg, Kalachowki, Lal Baug, Parel, Mumbai, Maharashtra 400033, India",Indian grocery store,Indian grocery store,14000033650560518427,Mumbai,False,IN,0x3be7cf5e02c03f59:0xc24a1c6e092cc91b,https://lh5.googleusercontent.com/p/AF1QipNGAJlHByXfwblvm_JjBmEtvY5828q51y4IAzsK=w408-h725-k-no,3.0,False,18.988373,72.837004,"Kalachowki, Lal Baug, Parel",Monday,9:30 AM to 9 PM,Tuesday,9:30 AM to 9 PM,Wednesday,9:30 AM to 9 PM,Thursday,9:30 AM to 9 PM,Friday,9:30 AM to 9 PM,Saturday,9:30 AM to 9 PM,Sunday,3 to 9 PM,False,+91 93225 90678,919322590678.0,ChIJWT_AAl7P5zsRG8ksCW4cSsI,400033.0,19,6,2024-09-22T16:37:15.647Z,"https://www.google.com/maps/search/grocery/@18.98101839007908,72.84705352694807,16z?hl=en",grocery,Maharashtra,"No 147/157, Digvijay Chawl, Dattaram Lad Marg",पतंजलि चिकित्सालय,False,Patanjali Chikitsalay,5.0,https://www.google.com/maps/search/?api=1&query=Patanjali%20Chikitsalay&query_place_id=ChIJWT_AAl7P5zsRG8ksCW4cSsI,"147/157, Digvijay Chawl, Dattaram Lad Marg","147/157, Digvijay Chawl, Dattaram Lad Marg, Kalachowki, Lal Baug, Parel, Mumbai, Maharashtra 400033, India"
96,True,"A' building, Shop no 26, backside of chandralok, 97, Nepean Sea Rd, Mumbai, Maharashtra 400006, India",Indian grocery store,Indian grocery store,12566580256622043710,Mumbai,False,IN,0x3be7cd57b06f41d7:0xae657629ad64e23e,https://lh5.googleusercontent.com/p/AF1QipNbeeZlL68P0O_94q0Xwjmsvs3tnB4DsWcF9he3=w507-h240-k-no,4.0,False,18.9505632,72.7961856,"Vasant Vihar, Malabar Hill",Monday,9 AM to 8 PM,Tuesday,9 AM to 8 PM,Wednesday,9 AM to 8 PM,Thursday,9 AM to 8 PM,Friday,9 AM to 8 PM,Saturday,9 AM to 8 PM,Sunday,Closed,False,+91 99300 90542,919930090542.0,ChIJ10FvsFfN5zsRPuJkrSl2Za4,400006.0,13,6,2024-09-22T16:37:15.838Z,"https://www.google.com/maps/search/grocery/@18.94853022976274,72.7955457652596,16z?hl=en",grocery,Maharashtra,"A' building, Shop no 26, backside of chandralok, 97, Nepean Sea Rd",आरती कोल्लेक्टिओंस,False,Aarti Collections,4.8,https://www.google.com/maps/search/?api=1&query=Aarti%20Collections&query_place_id=ChIJ10FvsFfN5zsRPuJkrSl2Za4,"A' building, Shop 26, backside chandralok, 97, Nepean Sea Rd","A' building, Shop 26, backside chandralok, 97, Nepean Sea Rd, Mumbai, Maharashtra 400006, India"
98,True,"Shop No, 6, 3rd Sankli St, Ashadham Colony, Byculla, Mumbai, Maharashtra 400008, India",Grocery delivery service,Grocery delivery service,12080009592867449503,Mumbai,False,IN,0x3be7cf124704c065:0xa7a4d0b8da2cea9f,https://lh5.googleusercontent.com/p/AF1QipO86dkmWETThhGSOj1y__59Ke0P8TIQzGF_AwoZ=w408-h407-k-no,51.0,False,18.9733611,72.8296653,"Ashadham Colony, Byculla",Monday,9:30 AM to 11 PM,Tuesday,9:30 AM to 11 PM,Wednesday,9:30 AM to 11 PM,Thursday,9:30 AM to 11 PM,Friday,9:30 AM to 11 PM,Saturday,9:30 AM to 11:30 PM,Sunday,9:30 AM to 11:30 PM,False,+91 72086 63160,917208663160.0,ChIJZcAERxLP5zsRn-os2rjQpKc,400008.0,21,10,2024-09-22T16:37:16.776Z,"https://www.google.com/maps/search/grocery/@18.98101839007908,72.82988427305192,16z?hl=en",grocery,Maharashtra,"Shop No, 6, 3rd Sankli St",बॉम्बे ग्रोसेरी कॉर्नर एंड कन्वेनियंस स्टोर्स,False,Bombay Grocery Corner and Convenience Stores,4.4,https://www.google.com/maps/search/?api=1&query=Bombay%20Grocery%20Corner%20and%20Convenience%20Stores&query_place_id=ChIJZcAERxLP5zsRn-os2rjQpKc,"Shop No, 6, 3rd Sankli St","Shop No, 6, 3rd Sankli St, Ashadham Colony, Byculla, Mumbai, Maharashtra 400008, India"
100,True,"Shop No 01, 1st Cross Lane, N. M Joshi Marg, Station, near Byculla, Jacob Circle, Mumbai, Maharashtra 400011, India",Grocery store,Grocery store,17064793778760059600,Mumbai,False,IN,0x3be7ce5cd730be29:0xecd25387544a0ad0,https://lh5.googleusercontent.com/p/AF1QipNGC6dUvXbAamHJFnlVnpX8GH8aUjdfZQUybgK4=w408-h544-k-no,4.0,False,18.9778573,72.8313421,"Byculla West, Jacob Circle",Monday,10 AM to 10 PM,Tuesday,10 AM to 10 PM,Wednesday,10 AM to 10 PM,Thursday,10 AM to 10 PM,Friday,10 AM to 10 PM,Saturday,10 AM to 10 PM,Sunday,10 AM to 10 PM,False,+91 96197 31467,919619731467.0,ChIJKb4w11zO5zsR0ApKVIdT0uw,400011.0,40,2,2024-09-22T16:37:16.777Z,"https://www.google.com/maps/search/grocery/@18.98101839007908,72.82988427305192,16z?hl=en",grocery,Maharashtra,"Shop No 01, 1st Cross Lane, N. M Joshi Marg, Station, near Byculla",महादेव किराना स्टोर,False,Mahadev Kirana Store,5.0,https://www.google.com/maps/search/?api=1&query=Mahadev%20Kirana%20Store&query_place_id=ChIJKb4w11zO5zsR0ApKVIdT0uw,"Shop 01, 1st Cross Lane, N. Joshi Marg, Station, near Byculla","Shop 01, 1st Cross Lane, N. Joshi Marg, Station, near Byculla, Jacob Circle, Mumbai, Maharashtra 400011, India"
102,True,"Shop no 7, Old, Ganjawala Tower, 5/11, opposite Himdmata Hotel, below Bellasis Road, Dadal Estate, Bane Compound, Tardeo, Mumbai, Maharashtra 400034, India",Indian grocery store,Indian grocery store,16043144416061720160,Mumbai,False,IN,0x3be7cfd8c829d7e7:0xdea4b2d89fa68660,https://lh5.googleusercontent.com/p/AF1QipOG1nwOK2M-WhFJr1srD4PE7Uf1Pij0BeGfSgam=w427-h240-k-no,4.0,False,18.969369,72.8166803,"Dadal Estate, Bane Compound, Tardeo",Monday,8:30 AM to 8:30 PM,Tuesday,8:30 AM to 8:30 PM,Wednesday,8:30 AM to 8:30 PM,Thursday,8:30 AM to 8:30 PM,Friday,8:30 AM to 8:30 PM,Saturday,8:30 AM to 8:30 PM,Sunday,8:30 AM to 8:30 PM,False,+91 80825 87189,918082587189.0,ChIJ59cpyNjP5zsRYIamn9iypN4,400034.0,36,11,2024-09-22T16:37:16.939Z,"https://www.google.com/maps/search/grocery/@18.96477430992091,72.81271501915576,16z?hl=en",grocery,Maharashtra,"Shop no 7, Old, Ganjawala Tower, 5/11, opposite Himdmata Hotel, below Bellasis Road",एसकेपी फूड्स,False,SKP FOODS,4.1,https://www.google.com/maps/search/?api=1&query=SKP%20FOODS&query_place_id=ChIJ59cpyNjP5zsRYIamn9iypN4,"Shop 7, Old, Ganjawala Tower, 5/11, opposite Himdmata Hotel, Bellasis Road","Shop 7, Old, Ganjawala Tower, 5/11, opposite Himdmata Hotel, Bellasis Road, Dadal Estate, Bane Compound, Tardeo, Mumbai, Maharashtra 400034, India"
107,True,"1, Harish Arjun Palay Marg, New Patra Chawl, Dhaku Prabhuchi Wadi, Byculla East, Mazgaon, Mumbai, Maharashtra 400033, Harish Arjun Palay Marg, New Patra Chawl, Dhaku Prabhuchi Wadi, Byculla East, Byculla, Mumbai, Maharashtra 400033, India",Supermarket,Supermarket,9317818140061160291,Mumbai,True,IN,0x3be7ce50a9602bab:0x814f8a3b00095363,https://lh5.googleusercontent.com/p/AF1QipN2bT1ZAgpibmnW_KbObKJL7j2wM1UI9GULWz3i=w408-h725-k-no,4.0,False,18.9834414,72.8399979,"New Patra Chawl, Dhaku Prabhuchi Wadi, Byculla East, Byculla",Monday,9 AM to 10 PM,Tuesday,9 AM to 10 PM,Wednesday,9 AM to 10 PM,Thursday,9 AM to 10 PM,Friday,9 AM to 10 PM,Saturday,9 AM to 10 PM,Sunday,9 AM to 10 PM,False,+91 22 6060 1032,912260601032.0,ChIJqytgqVDO5zsRY1MJADuKT4E,400033.0,25,87,2024-09-22T16:37:17.049Z,"https://www.google.com/maps/search/grocery/@18.98101839007908,72.84705352694807,16z?hl=en",grocery,Maharashtra,"1, Harish Arjun Palay Marg, New Patra Chawl, Dhaku Prabhuchi Wadi, Byculla East, Mazgaon, Mumbai, Maharashtra 400033, Harish Arjun Palay Marg",सुपर मार्केट,False,S.M. Super Market,4.1,https://www.google.com/maps/search/?api=1&query=S.M.%20Super%20Market&query_place_id=ChIJqytgqVDO5zsRY1MJADuKT4E,"1, Harish Arjun Palay Marg, New Patra Chawl, Dhaku Prabhuchi Wadi, Byculla East, Mazgaon, Mumbai, Maharashtra 400033, Harish Arjun Palay Marg","1, Harish Arjun Palay Marg, New Patra Chawl, Dhaku Prabhuchi Wadi, Byculla East, Mazgaon, Mumbai, Maharashtra 400033, Harish Arjun Palay Marg, New Patra Chawl, Dhaku Prabhuchi Wadi, Byculla East, Byculla, Mumbai, Maharashtra 400033, India"
108,True,"Shop No 4, Bai Habib House, Navroji Hill Rd 2, Sandhurst Road W, Mumbai, Maharashtra 400009, India",Indian grocery store,Indian grocery store,11973094094530336451,Mumbai,False,IN,0x3be7ce39c2c00019:0xa628f9a48eced6c3,https://lh5.googleusercontent.com/p/AF1QipNU8RKYWur4QjlmeQK2FmmhnNGxClCZcbC7xBL8=w408-h306-k-no,4.0,False,18.962363,72.8389,"Sandhurst Road W, Dongri, Umerkhadi",Monday,9 AM to 9 PM,Tuesday,9 AM to 9 PM,Wednesday,9 AM to 9 PM,Thursday,9 AM to 9 PM,Friday,9 AM to 9 PM,Saturday,9 AM to 9 PM,Sunday,9 AM to 4:30 PM,False,+91 98692 11471,919869211471.0,ChIJGQDAwjnO5zsRw9bOjqT5KKY,400009.0,34,3,2024-09-22T16:37:17.069Z,"https://www.google.com/maps/search/grocery/@18.96477430992091,72.82988427305192,16z?hl=en",grocery,Maharashtra,"Shop No 4, Bai Habib House, Navroji Hill Rd 2",विजय स्टोअर्स,False,Vijay kirana store,3.7,https://www.google.com/maps/search/?api=1&query=Vijay%20kirana%20store&query_place_id=ChIJGQDAwjnO5zsRw9bOjqT5KKY,"Shop 4, Bai Habib House, Navroji Hill Rd 2","Shop 4, Bai Habib House, Navroji Hill Rd 2, Sandhurst Road W, Mumbai, Maharashtra 400009, India"
110,True,"36 D, Avishkar, Shop No:6, Sleater Road, Grant Rd, Mumbai, Maharashtra 400007, India",Grocery store,Grocery store,15955657719739993027,Mumbai,True,IN,0x3be7ce72acf34fd9:0xdd6de228ced24bc3,https://lh3.googleusercontent.com/gps-proxy/ALd4DhGwOr6Sci5cSwf_iKWQ8DuWKq3B9JBz39b9p0Byic-hNsKergD8OndlStHEgBSHb7HGvgpq8B1X99ioMLT_saRNOY5b5dk4T-RgunoSAApJTVCM69X4CbrhLLDM8-B82Z1OjymRFrJaxvAzIgjcaaH-0hiT1gB5N47PI999OTYrbMGP_bIorseXqmTMiGxXSE5q2KM=w408-h544-k-no,3.0,False,18.9646683,72.8158704,"Grant Road West, Grant Road (W), Grant Rd",Monday,9:30 AM to 9 PM,Tuesday,9:30 AM to 9 PM,Wednesday,9:30 AM to 9 PM,Thursday,9:30 AM to 9 PM,Friday,9:30 AM to 9 PM,Saturday,9:30 AM to 9 PM,Sunday,9:30 AM to 1:30 PM,False,+91 22 2386 8229,912223868229.0,ChIJ2U_zrHLO5zsRw0vSzijibd0,400007.0,37,11,2024-09-22T16:37:17.069Z,"https://www.google.com/maps/search/grocery/@18.96477430992091,72.82988427305192,16z?hl=en",grocery,Maharashtra,"36 D, Avishkar, Shop No:6, Sleater Road",देवशी नथुभाई & को,False,Devshi Nathubhai & Co,4.4,https://www.google.com/maps/search/?api=1&query=Devshi%20Nathubhai%20%26%20Co&query_place_id=ChIJ2U_zrHLO5zsRw0vSzijibd0,"36 D, Avishkar, Shop No:6, Sleater Road","36 D, Avishkar, Shop No:6, Sleater Road, Grant Rd, Mumbai, Maharashtra 400007, India"
113,True,"Sagar Darshan, Warden Rd, Breach Candy, Cumballa Hill, Mumbai, Maharashtra 400026, India",Supermarket,Supermarket,13433175251131410105,Mumbai,True,IN,0x3be7cddf5087e75b:0xba6c39b80941a6b9,https://lh5.googleusercontent.com/p/AF1QipOTXDIwEweoAxpDDZ_3ZJ_L0F36IZIG3qL3F_Nl=w408-h306-k-no,4.0,False,18.9681335,72.803772,"Breach Candy, Cumballa Hill",Monday,8 AM to 9 PM,Tuesday,8 AM to 9 PM,Wednesday,8 AM to 9 PM,Thursday,8 AM to 9 PM,Friday,8 AM to 9 PM,Saturday,8 AM to 9 PM,Sunday,8 AM to 9 PM,False,+91 22 2367 8421,912223678421.0,ChIJW-eHUN_N5zsRuaZBCbg5bLo,400026.0,40,21,2024-09-22T16:37:16.939Z,"https://www.google.com/maps/search/grocery/@18.96477430992091,72.81271501915576,16z?hl=en",grocery,Maharashtra,"Sagar Darshan, Warden Rd",सागर स्टोअर्स,False,Sagar Stores,4.6,https://www.google.com/maps/search/?api=1&query=Sagar%20Stores&query_place_id=ChIJW-eHUN_N5zsRuaZBCbg5bLo,"Sagar Darshan, Warden Rd","Sagar Darshan, Warden Rd, Breach Candy, Cumballa Hill, Mumbai, Maharashtra 400026, India"
114,True,"Sea Face Cons. Co-op Society Ltd., Khan Abdul, Gafarkhan Road, Worli BMC Colony, Narayan Pujari Nagar, Worli, Mumbai, Maharashtra 400018, India",Supermarket,Supermarket,9716188764097939353,Mumbai,False,IN,0x3be7cebb504b97cd:0x86d6d633ceb30799,https://lh5.googleusercontent.com/p/AF1QipPkpblW2P2CoG1J8X5uTbGMfzmqBCWiaQ1wxMV3=w408-h306-k-no,4.0,False,18.9938655,72.8139771,"Worli BMC Colony, Narayan Pujari Nagar, Worli",Monday,9 AM to 9 PM,Tuesday,9 AM to 9 PM,Wednesday,9 AM to 9 PM,Thursday,9 AM to 9 PM,Friday,9 AM to 9 PM,Saturday,9 AM to 9 PM,Sunday,9 AM to 9 PM,False,+91 22 2278 5000,912222785000.0,ChIJzZdLULvO5zsRmQezzjPW1oY,400018.0,38,462,2024-09-22T16:37:17.059Z,"https://www.google.com/maps/search/grocery/@18.99726247023725,72.81271501915576,16z?hl=en",grocery,Maharashtra,"Sea Face Cons. Co-op Society Ltd., Khan Abdul, Gafarkhan Road",सहकारी भांडार,False,Sahakari Bhandar,4.1,https://www.google.com/maps/search/?api=1&query=Sahakari%20Bhandar&query_place_id=ChIJzZdLULvO5zsRmQezzjPW1oY,"Sea Face Cons. Co-op Society Ltd., Khan Abdul, Gafarkhan Road","Sea Face Cons. Co-op Society Ltd., Khan Abdul, Gafarkhan Road, Worli BMC Colony, Narayan Pujari Nagar, Worli, Mumbai, Maharashtra 400018, India"
121,True,"Shripal Nagar, SHRIPAL NAGAR SOCIETY RAJA HAREEPAL, 12, Jamanadas Mehta Rd, Navshanti Nagar, Malabar Hill, Mumbai, Maharashtra 400006, India",Grocery store,Grocery store,4452878154990246636,Mumbai,True,IN,0x3be7cdfad966ef9f:0x3dcbcd16f04a5aec,https://lh5.googleusercontent.com/p/AF1QipMbf3G1XhZ398bcov2MLmx97Vw4DqswR8CX2mZ3=w426-h240-k-no,4.0,False,18.949849,72.7950443,"Navshanti Nagar, Malabar Hill",Monday,8 AM to 8 PM,Tuesday,8 AM to 8 PM,Wednesday,8 AM to 8 PM,Thursday,8 AM to 8 PM,Friday,8 AM to 8 PM,Saturday,8 AM to 8 PM,Sunday,Closed,False,+91 22 2361 7019,912223617019.0,ChIJn-9m2frN5zsR7FpK8BbNyz0,400006.0,27,23,2024-09-22T16:37:17.254Z,"https://www.google.com/maps/search/grocery/@18.94853022976274,72.7955457652596,16z?hl=en",grocery,Maharashtra,"Shripal Nagar, SHRIPAL NAGAR SOCIETY RAJA HAREEPAL, 12, Jamanadas Mehta Rd",जैन तरतुदी,False,Jain Provision Stores,4.0,https://www.google.com/maps/search/?api=1&query=Jain%20Provision%20Stores&query_place_id=ChIJn-9m2frN5zsR7FpK8BbNyz0,"Shripal Nagar, SHRIPAL NAGAR SOCIETY RAJA HAREEPAL, 12, Jamanadas Mehta Rd","Shripal Nagar, SHRIPAL NAGAR SOCIETY RAJA HAREEPAL, 12, Jamanadas Mehta Rd, Navshanti Nagar, Malabar Hill, Mumbai, Maharashtra 400006, India"
123,True,"number 4B, Brij Kutir, 68-A Nepeansea road, Shop, Rungta Ln, Mumbai, Maharashtra 400006, India",Grocery store,Grocery store,13439259473321894603,Mumbai,False,IN,0x3be7cd9587ea1d49:0xba81d74967a7a2cb,https://lh5.googleusercontent.com/p/AF1QipMq8H_GlQqQxRKJBSE9tE0jJWd9s7VE1ob331ES=w408-h306-k-no,4.0,False,18.9543336,72.7974703,"Vasant Vihar, Malabar Hill",Monday,8 AM to 9 PM,Tuesday,8 AM to 9 PM,Wednesday,8 AM to 9 PM,Thursday,8 AM to 9 PM,Friday,8 AM to 9 PM,Saturday,8 AM to 9 PM,Sunday,8 AM to 1 PM,False,+91 98195 64745,919819564745.0,ChIJSR3qh5XN5zsRy6KnZ0nXgbo,400006.0,32,5,2024-09-22T16:37:17.254Z,"https://www.google.com/maps/search/grocery/@18.94853022976274,72.7955457652596,16z?hl=en",grocery,Maharashtra,"number 4B, Brij Kutir, 68-A Nepeansea road, Shop, Rungta Ln",अरिहंत स्टोअर्स,False,Arihant stores,4.2,https://www.google.com/maps/search/?api=1&query=Arihant%20stores&query_place_id=ChIJSR3qh5XN5zsRy6KnZ0nXgbo,"number 4B, Brij Kutir, 68-A Nepeansea road, Shop, Rungta Ln","number 4B, Brij Kutir, 68-A Nepeansea road, Shop, Rungta Ln, Mumbai, Maharashtra 400006, India"
124,True,"XR33+H83, Jalan House, Walkeshwar Road, Malabar Hill, Malabar Hill, Mumbai, Maharashtra 400006, India",Supermarket,Supermarket,13933435462992282694,Mumbai,True,IN,0x3be7cde28e5189d9:0xc15d81bb287c4446,https://streetviewpixels-pa.googleapis.com/v1/thumbnail?panoid=ivHlh-3g4YrEh84sxk7sOg&cb_client=search.gws-prod.gps&w=408&h=240&yaw=274.83896&pitch=0&thumbfov=100,1.0,False,18.9538995,72.8032872,Malabar Hill,Monday,10 AM to 6 PM,Tuesday,10 AM to 6 PM,Wednesday,10 AM to 6 PM,Thursday,10 AM to 6 PM,Friday,10 AM to 6 PM,Saturday,10 AM to 6 PM,Sunday,Closed,False,+91 22 2369 1244,912223691244.0,ChIJ2YlRjuLN5zsRRkR8KLuBXcE,400006.0,36,4,2024-09-22T16:37:17.254Z,"https://www.google.com/maps/search/grocery/@18.94853022976274,72.7955457652596,16z?hl=en",grocery,Maharashtra,"XR33+H83, Jalan House, Walkeshwar Road, Malabar Hill, Malabar Hill",दर्शन स्टोअर्स,False,Darshana Stores,3.5,https://www.google.com/maps/search/?api=1&query=Darshana%20Stores&query_place_id=ChIJ2YlRjuLN5zsRRkR8KLuBXcE,"XR33+H83, Jalan House, Walkeshwar Road, Malabar Hill, Malabar Hill","XR33+H83, Jalan House, Walkeshwar Road, Malabar Hill, Malabar Hill, Mumbai, Maharashtra 400006, India"
125,True,"banganga tank lake, Walkeshwar, Malabar Hill, Mumbai, Maharashtra 400006, India",Grocery store,Grocery store,10839112254828746159,Mumbai,False,IN,0x3be7cdfa15cd6adb:0x966c432aeda695af,https://lh5.googleusercontent.com/p/AF1QipN0UIPBcApeLgu7Z-jAHbMlu8SKXk9Dho7FougY=w519-h240-k-no,3.0,False,18.9460502,72.7936982,"Walkeshwar, Malabar Hill",Monday,9 AM to 6 PM,Tuesday,9 AM to 6 PM,Wednesday,9 AM to 6 PM,Thursday,9 AM to 6 PM,Friday,9 AM to 6 PM,Saturday,9 AM to 6 PM,Sunday,9 AM to 6 PM,False,+91 82861 75105,918286175105.0,ChIJ22rNFfrN5zsRr5Wm7SpDbJY,400006.0,37,2,2024-09-22T16:37:17.254Z,"https://www.google.com/maps/search/grocery/@18.94853022976274,72.7955457652596,16z?hl=en",grocery,Maharashtra,banganga tank lake,अंबिका जनरल स्टोअर्स,False,Ambika General Stores( vithal slab),5.0,https://www.google.com/maps/search/?api=1&query=Ambika%20General%20Stores(%20vithal%20slab)&query_place_id=ChIJ22rNFfrN5zsRr5Wm7SpDbJY,banganga tank lake,"banganga tank lake, Walkeshwar, Malabar Hill, Mumbai, Maharashtra 400006, India"
131,True,"Shop No, Bara Chawl, 25, 13, Red Cross Ln, Agripada, Mumbai, Maharashtra 400011, India",Grocery store,Grocery store,13746008299026839281,Mumbai,True,IN,0x3be7ce6846d27119:0xbec3a1b7ef10f6f1,https://streetviewpixels-pa.googleapis.com/v1/thumbnail?panoid=ASQgVwgRUhij0pSWu_pVuQ&cb_client=search.gws-prod.gps&w=408&h=240&yaw=59.408436&pitch=0&thumbfov=100,1.0,False,18.9749356,72.8262089,Agripada,Monday,8 AM to 9:30 PM,Tuesday,8 AM to 9:30 PM,Wednesday,8 AM to 9:30 PM,Thursday,8 AM to 9:30 PM,Friday,8 AM to 9:30 PM,Saturday,8 AM to 9:30 PM,Sunday,8 AM to 2 PM,False,+91 22 2301 3708,912223013708.0,ChIJGXHSRmjO5zsR8fYQ77ehw74,400011.0,46,3,2024-09-22T16:37:17.670Z,"https://www.google.com/maps/search/grocery/@18.98101839007908,72.82988427305192,16z?hl=en",grocery,Maharashtra,"Shop No, Bara Chawl, 25, 13, Red Cross Ln",शाह लालजी घेलाभाई,False,Shah Lalji Ghelabhai,5.0,https://www.google.com/maps/search/?api=1&query=Shah%20Lalji%20Ghelabhai&query_place_id=ChIJGXHSRmjO5zsR8fYQ77ehw74,"Shop No, Bara Chawl, 25, 13, Red Cross Ln","Shop No, Bara Chawl, 25, 13, Red Cross Ln, Agripada, Mumbai, Maharashtra 400011, India"
132,True,"Shop No 271, Bostan Hotel, Mumbai Central Road, Mumbai Central, Maharashtra 400008, India",Indian grocery store,Indian grocery store,18214005335527344062,Mumbai,False,IN,0x3be7ce6a552a9deb:0xfcc52559c92d47be,https://lh5.googleusercontent.com/p/AF1QipM792bdwYM4g1w7SYgFg2r6lRbTGY76UhuqeQ44=w933-h240-k-no,4.0,False,18.9794859,72.8301757,Jacob Circle,Monday,9 AM to 10 PM,Tuesday,9 AM to 10 PM,Wednesday,9 AM to 10 PM,Thursday,9 AM to 10 PM,Friday,9 AM to 10 PM,Saturday,9 AM to 10 PM,Sunday,9 AM to 10 PM,False,+91 84250 87264,918425087264.0,ChIJ650qVWrO5zsRvkctyVklxfw,400008.0,48,1,2024-09-22T16:37:17.670Z,"https://www.google.com/maps/search/grocery/@18.98101839007908,72.82988427305192,16z?hl=en",grocery,Maharashtra,"Shop No 271, Bostan Hotel, Mumbai Central Road, Mumbai Central",अमन ऑयल एंड जेनरल स्टोर,False,Aman oil and general store,5.0,https://www.google.com/maps/search/?api=1&query=Aman%20oil%20and%20general%20store&query_place_id=ChIJ650qVWrO5zsRvkctyVklxfw,"Shop 271, Bostan Hotel, Mumbai Central Road, Mumbai Central","Shop 271, Bostan Hotel, Mumbai Central Road, Mumbai Central, Maharashtra 400008, India"
135,True,"3, NM Joshi Marg, Municipal Colony, Byculla West, Agripada, Mumbai, Maharashtra 400027, India",Indian grocery store,Indian grocery store,2862207401208097437,Mumbai,False,IN,0x3be7ce428add1c71:0x27b89a777e80aa9d,https://lh5.googleusercontent.com/p/AF1QipPfqpKhDTtGvIZaEc-QxuMplhyhZwI76kDiOj-D=w426-h240-k-no,2.0,False,18.9775204,72.8319524,"Municipal Colony, Byculla West, Agripada",Monday,8:30 AM to 9:30 PM,Tuesday,8:30 AM to 9:30 PM,Wednesday,8:30 AM to 9:30 PM,Thursday,8:30 AM to 9:30 PM,Friday,8:30 AM to 9:30 PM,Saturday,8:30 AM to 9:30 PM,Sunday,8:30 AM to 9:30 PM,False,+91 99674 93788,919967493788.0,ChIJcRzdikLO5zsRnaqAfneauCc,400027.0,51,2,2024-09-22T16:37:17.671Z,"https://www.google.com/maps/search/grocery/@18.98101839007908,72.82988427305192,16z?hl=en",grocery,Maharashtra,"3, NM Joshi Marg",पंकज ग्रेन स्टोर,False,Pankaj Grain Store,2.0,https://www.google.com/maps/search/?api=1&query=Pankaj%20Grain%20Store&query_place_id=ChIJcRzdikLO5zsRnaqAfneauCc,"3, NM Joshi Marg","3, NM Joshi Marg, Municipal Colony, Byculla West, Agripada, Mumbai, Maharashtra 400027, India"
136,True,"S. O, G D Ambekar Marg, R.No. 15/3/3 Jijamata Nagar,Sant Prasad Chawl, Hay Bunder Rd, Kalachowki, Mumbai, Maharashtra 400033, India",Produce market,Produce market,676681376338043166,Mumbai,False,IN,0x3be7cf4ecfea279f:0x9640e2066c0611e,https://lh5.googleusercontent.com/p/AF1QipNUJQhiOVTcswSv3C70sDJexW9a_8v9SVuT2m0P=w630-h240-k-no,4.0,False,18.988785,72.843332,"Jijamata Nagar, Kalachowki, Abhyudaya Nagar, Parel",Monday,7:30 AM to 8 PM,Tuesday,7:30 AM to 8 PM,Wednesday,7:30 AM to 8 PM,Thursday,7:30 AM to 8 PM,Friday,7:30 AM to 8 PM,Saturday,7:30 AM to 5 PM,Sunday,7:30 AM to 8 PM,False,+91 97698 66191,919769866191.0,ChIJnyfqz07P5zsRHmHAZiAOZAk,400033.0,52,1,2024-09-22T16:37:17.671Z,"https://www.google.com/maps/search/grocery/@18.98101839007908,72.82988427305192,16z?hl=en",grocery,Maharashtra,"S. O, G D Ambekar Marg, R.No. 15/3/3 Jijamata Nagar,Sant Prasad Chawl, Hay Bunder Rd",द भजीहब,False,The BhajiHub,5.0,https://www.google.com/maps/search/?api=1&query=The%20BhajiHub&query_place_id=ChIJnyfqz07P5zsRHmHAZiAOZAk,"S. O, G Ambekar Marg, R.No. 15/3/3 Jijamata Nagar,Sant Prasad Chawl, Hay Bunder Rd","S. O, G Ambekar Marg, R.No. 15/3/3 Jijamata Nagar,Sant Prasad Chawl, Hay Bunder Rd, Kalachowki, Mumbai, Maharashtra 400033, India"
137,True,"530 /D, Shop no:2, Gombthibai Nivas, NM Joshi Marg, Byculla, Bakriadda, Maharashtra 400011, India",Gourmet grocery store,Gourmet grocery store,8437878460065109615,"Bakriadda, Mumbai",False,IN,0x3be7ce5c250b3c57:0x75195dc0ee19d66f,https://lh5.googleusercontent.com/p/AF1QipPATTG48F4fn5swHViiRyzB1Tbm0BgWcOT2AREk=w408-h725-k-no,4.0,False,18.9824307,72.8318966,Byculla,Monday,8 AM to 9 PM,Tuesday,8 AM to 9 PM,Wednesday,8 AM to 9 PM,Thursday,8 AM to 9 PM,Friday,8 AM to 9 PM,Saturday,8 AM to 9 PM,Sunday,8:30 AM to 12 PM,False,+91 76780 78888,917678078888.0,ChIJVzwLJVzO5zsRb9YZ7sBdGXU,400011.0,53,15,2024-09-22T16:37:17.671Z,"https://www.google.com/maps/search/grocery/@18.98101839007908,72.82988427305192,16z?hl=en",grocery,Maharashtra,"530 /D, Shop no:2, Gombthibai Nivas, NM Joshi Marg",चंद्रदीप पिकल्स (चंद्रकांत लोणची),False,Chandradeep Pickles (Chandrakant Lonchi),4.3,https://www.google.com/maps/search/?api=1&query=Chandradeep%20Pickles%20(Chandrakant%20Lonchi)&query_place_id=ChIJVzwLJVzO5zsRb9YZ7sBdGXU,"530 /D, Shop no:2, Gombthibai Nivas, NM Joshi Marg","530 /D, Shop no:2, Gombthibai Nivas, NM Joshi Marg, Byculla, Bakriadda, Maharashtra 400011, India"
140,True,"1/9 Fruitwala Building, Dadoji Konddev Marg, opposite Gulzar Apartment, Byculla East, Mumbai, Maharashtra 400027, India",Dairy store,Dairy store,9506503765876332247,Mumbai,False,IN,0x3be7cf78e0e04335:0x83ede2ceb4f8d6d7,https://lh5.googleusercontent.com/p/AF1QipMfGi1G-zQM7J6EobQQakSCTlsoNXaqTRaY5s8=w408-h579-k-no,4.0,False,18.98108,72.8361839,"Vishwamangal Society, Dhaku Prabhuchi Wadi, Byculla East, Byculla",Monday,7 AM to 10 PM,Tuesday,7 AM to 10 PM,Wednesday,7 AM to 10 PM,Thursday,7 AM to 10 PM,Friday,7 AM to 10 PM,Saturday,7 AM to 10 PM,Sunday,Closed,False,+91 81040 19362,918104019362.0,ChIJNUPg4HjP5zsR19b4tM7i7YM,400027.0,56,2,2024-09-22T16:37:17.671Z,"https://www.google.com/maps/search/grocery/@18.98101839007908,72.82988427305192,16z?hl=en",grocery,Maharashtra,"1/9 Fruitwala Building, Dadoji Konddev Marg, opposite Gulzar Apartment",जय भारत डेयरी & जेनरल स्टोर्स,False,Jay Bharat Dairy & General Stores,2.5,https://www.google.com/maps/search/?api=1&query=Jay%20Bharat%20Dairy%20%26%20General%20Stores&query_place_id=ChIJNUPg4HjP5zsR19b4tM7i7YM,"1/9 Fruitwala Building, Dadoji Konddev Marg, opposite Gulzar Apartment","1/9 Fruitwala Building, Dadoji Konddev Marg, opposite Gulzar Apartment, Byculla East, Mumbai, Maharashtra 400027, India"
141,True,"Shop No 4, Bhaji Market, Veer Mata Jijabai, Dr Baba Saheb Ambedkar Rd, opp. Rani Bhag, Byculla, Mumbai, Maharashtra 400010, India",Produce market,Produce market,14214604395284279578,Mumbai,False,IN,0x3be7ce5b8fcdaee9:0xc5446b62a3a0311a,https://lh5.googleusercontent.com/p/AF1QipNuxivDQr8O8QYWeLcWvnkzLv8lVdCiQ3vLMEXV=w408-h352-k-no,73.0,False,18.9786472,72.8334105,Byculla,Monday,5 to 11 AM,Tuesday,5 to 11 AM,Wednesday,5 to 11 AM,Thursday,5 to 11 AM,Friday,5 to 11 AM,Saturday,5 to 11 AM,Sunday,5 to 11 AM,False,+91 89282 93238,918928293238.0,ChIJ6a7Nj1vO5zsRGjGgo2JrRMU,400010.0,57,2,2024-09-22T16:37:17.671Z,"https://www.google.com/maps/search/grocery/@18.98101839007908,72.82988427305192,16z?hl=en",grocery,Maharashtra,"Shop No 4, Bhaji Market, Veer Mata Jijabai, Dr Baba Saheb Ambedkar Rd, opp. Rani Bhag",श्री वेजीटेबल ऑनलाइन डिलीवरी,False,Shree Vegetable online delivery,5.0,https://www.google.com/maps/search/?api=1&query=Shree%20Vegetable%20online%20delivery&query_place_id=ChIJ6a7Nj1vO5zsRGjGgo2JrRMU,"Shop 4, Bhaji Market, Veer Mata Jijabai, Dr Baba Saheb Ambedkar Rd, opp. Rani Bhag","Shop 4, Bhaji Market, Veer Mata Jijabai, Dr Baba Saheb Ambedkar Rd, opp. Rani Bhag, Byculla, Mumbai, Maharashtra 400010, India"
143,True,"Two Tank, Noor Manzil, Shop No. 2,3,4,5,6, Duncan Rd, next to Union Bank of India, Mumbai, Maharashtra 400008, India",Pharmacy,Pharmacy,231046615327730973,Mumbai,False,IN,0x3be7cf3c1f946835:0x334d7ac292a6d1d,https://lh5.googleusercontent.com/p/AF1QipN4CsGIHzYFmxajcORgFcdr3wnQhr-0ORyRj5kq=w408-h272-k-no,4.0,False,18.9622407,72.8286913,Nagpada,Monday,Open 24 hours,Tuesday,Open 24 hours,Wednesday,Open 24 hours,Thursday,Open 24 hours,Friday,Open 24 hours,Saturday,Open 24 hours,Sunday,Open 24 hours,False,+91 99300 77865,919930077865.0,ChIJNWiUHzzP5zsRHW0qKazXNAM,400008.0,41,36,2024-09-22T16:37:18.074Z,"https://www.google.com/maps/search/grocery/@18.96477430992091,72.82988427305192,16z?hl=en",grocery,Maharashtra,"Two Tank, Noor Manzil, Shop No. 2,3,4,5,6, Duncan Rd, next to Union Bank of India",लेण्डमार्क केमिस्ट & ड्रग्गिस्ट,False,Landmark Chemist & Druggist,4.2,https://www.google.com/maps/search/?api=1&query=Landmark%20Chemist%20%26%20Druggist&query_place_id=ChIJNWiUHzzP5zsRHW0qKazXNAM,"Two Tank, Noor Manzil, Shop No. 2,3,4,5,6, Duncan Rd, next Union Bank India","Two Tank, Noor Manzil, Shop No. 2,3,4,5,6, Duncan Rd, next Union Bank India, Mumbai, Maharashtra 400008, India"
145,True,"Shop No. 1, Bhaveshwar Vihar, 383-A S.V.P. Road, Next to Central Bank of India, Prarthana Samaj, Mumbai, Maharashtra 400004, India",Grocery store,Grocery store,15835372729814208664,Mumbai,False,IN,0x3be7cf16092ed1bf:0xdbc28b992e7bd098,https://lh5.googleusercontent.com/p/AF1QipNA96tmKnwZxkaePZusQhOcXuOjnvCEw8_RAcOm=w426-h240-k-no,4.0,False,18.9579205,72.8213367,"Charni Road East, Khetwadi, Girgaon",Monday,9 AM to 11 PM,Tuesday,9 AM to 11 PM,Wednesday,9 AM to 11 PM,Thursday,9 AM to 11 PM,Friday,9 AM to 11 PM,Saturday,9 AM to 11 PM,Sunday,9 AM to 11 PM,False,+91 77388 33421,917738833421.0,ChIJv9EuCRbP5zsRmNB7LpmLwts,400004.0,45,11,2024-09-22T16:37:18.086Z,"https://www.google.com/maps/search/grocery/@18.96477430992091,72.81271501915576,16z?hl=en",grocery,Maharashtra,"Shop No. 1, Bhaveshwar Vihar, 383-A S.V.P. Road, Next to Central Bank of India, Prarthana Samaj",सिया मेडिकल एंड सुपर मार्ट,False,Sia Medical And Super Maart,4.6,https://www.google.com/maps/search/?api=1&query=Sia%20Medical%20And%20Super%20Maart&query_place_id=ChIJv9EuCRbP5zsRmNB7LpmLwts,"Shop No. 1, Bhaveshwar Vihar, 383-A S.V.P. Road, Next Central Bank India, Prarthana Samaj","Shop No. 1, Bhaveshwar Vihar, 383-A S.V.P. Road, Next Central Bank India, Prarthana Samaj, Mumbai, Maharashtra 400004, India"
146,True,"no 171, 181, Sardar Vallabhbhai Patel Rd, Null Bazar, Bhuleshwar, Mumbai, Maharashtra 400003, India",Supermarket,Supermarket,7436047366938042459,Mumbai,False,IN,0x3be7ce3d8b1d42f7:0x673225aeaf52205b,https://lh5.googleusercontent.com/p/AF1QipOOyoicHo1Sff_FwYgNGcTQG9x8cI8XYc1dwt6X=w408-h906-k-no,4.0,False,18.9579925,72.827596,"Null Bazar, Bhuleshwar",Monday,8:30 AM to 9 PM,Tuesday,8:30 AM to 9 PM,Wednesday,8:30 AM to 9 PM,Thursday,8:30 AM to 9 PM,Friday,8:30 AM to 9 PM,Saturday,8:30 AM to 9 PM,Sunday,9 AM to 7:30 PM,False,+91 97572 42300,919757242300.0,ChIJ90Idiz3O5zsRWyBSr64lMmc,400003.0,42,8,2024-09-22T16:37:18.075Z,"https://www.google.com/maps/search/grocery/@18.96477430992091,72.82988427305192,16z?hl=en",grocery,Maharashtra,"no 171, 181, Sardar Vallabhbhai Patel Rd",हिरालाल शिवलाल सुपर मार्केट,False,Hiralal Shivlal Super Market,4.5,https://www.google.com/maps/search/?api=1&query=Hiralal%20Shivlal%20Super%20Market&query_place_id=ChIJ90Idiz3O5zsRWyBSr64lMmc,"171, 181, Sardar Vallabhbhai Patel Rd","171, 181, Sardar Vallabhbhai Patel Rd, Null Bazar, Bhuleshwar, Mumbai, Maharashtra 400003, India"
147,True,"292/298 M S Ali Road Ground Floor, Hotel orient Regency, Near Shalimar Cinema Grant Road (E), Mumbai-400 007, Maharashtra 400007, India",Grocery store,Grocery store,16275941674141255456,Mumbai,False,IN,0x3be7cf5e85c4176f:0xe1dfc2b8102a8720,https://lh5.googleusercontent.com/p/AF1QipNvz5If5SWZuKql_j-ZcD-h16t9LFD8kezA1RqO=w408-h306-k-no,4.0,False,18.9619478,72.8227211,"Grant Road East, Bharat Nagar, Grant Road",Monday,Open 24 hours,Tuesday,Open 24 hours,Wednesday,Open 24 hours,Thursday,Open 24 hours,Friday,Open 24 hours,Saturday,Open 24 hours,Sunday,Open 24 hours,False,+91 74004 61900,917400461900.0,ChIJbxfEhV7P5zsRIIcqELjC3-E,400007.0,47,42,2024-09-22T16:37:18.086Z,"https://www.google.com/maps/search/grocery/@18.96477430992091,72.81271501915576,16z?hl=en",grocery,Maharashtra,"292/298 M S Ali Road Ground Floor, Hotel orient Regency, Near Shalimar Cinema Grant Road (E), Mumbai-400 007",डेली मेडिकल,False,DAILY MEDICAL,3.0,https://www.google.com/maps/search/?api=1&query=DAILY%20MEDICAL&query_place_id=ChIJbxfEhV7P5zsRIIcqELjC3-E,"292/298 Ali Road Ground Floor, Hotel orient Regency, Near Shalimar Cinema Grant Road (E), Mumbai-400 007","292/298 Ali Road Ground Floor, Hotel orient Regency, Near Shalimar Cinema Grant Road (E), Mumbai-400 007, Maharashtra 400007, India"
158,True,"Shop no G-33, A Wing, Al Sa'adah Tower, Bohri Mohalla, Mumbai, Maharashtra 400003, India",Organic food store,Organic food store,5792171473908683971,Mumbai,False,IN,0x3be7cfcf81352d59:0x5061ed446c7a54c3,https://lh5.googleusercontent.com/p/AF1QipMEjM9SFMGPa8T8ReB-0K6mz-4zF6_LPIai71Ud=w408-h408-k-no,51.0,False,18.9593891,72.831395,"Bohri Mohalla, Kumbharwada",Monday,10 AM to 10:30 PM,Tuesday,10 AM to 10:30 PM,Wednesday,10 AM to 10:30 PM,Thursday,10 AM to 10:30 PM,Friday,10:30 AM to 10:30 PM,Saturday,10:30 AM to 10:30 PM,Sunday,1 to 10:30 PM,False,+91 98207 86713,919820786713.0,ChIJWS01gc_P5zsRw1R6bETtYVA,400003.0,45,25,2024-09-22T16:37:18.075Z,"https://www.google.com/maps/search/grocery/@18.96477430992091,72.82988427305192,16z?hl=en",grocery,Maharashtra,"Shop no G-33, A Wing, Al Sa'adah Tower",अल हाशमी मदीना डेट्स,False,Al Hashmi Madinah Dates,4.9,https://www.google.com/maps/search/?api=1&query=Al%20Hashmi%20Madinah%20Dates&query_place_id=ChIJWS01gc_P5zsRw1R6bETtYVA,"Shop G-33, Wing, Al Sa'adah Tower","Shop G-33, Wing, Al Sa'adah Tower, Bohri Mohalla, Mumbai, Maharashtra 400003, India"
160,True,"Shop No 85, Lokmanya Tilak Market, Grant Road East, Mumbai, Maharashtra 400007, India",Indian grocery store,Indian grocery store,5033877961613673907,Mumbai,True,IN,0x3be7ce125050347d:0x45dbed55e0a685b3,https://streetviewpixels-pa.googleapis.com/v1/thumbnail?panoid=ZNT5pBVeHpRDQpuFs4UnTA&cb_client=search.gws-prod.gps&w=408&h=240&yaw=247.1089&pitch=0&thumbfov=100,1.0,False,18.9611046,72.8186166,"Krishna Kunj, Grant Road East, Shapur Baug, Grant Road",Monday,8 AM to 8 PM,Tuesday,8 AM to 8 PM,Wednesday,8 AM to 8 PM,Thursday,8 AM to 8 PM,Friday,8 AM to 8 PM,Saturday,8 AM to 8 PM,Sunday,8 AM to 1 PM,False,+91 98205 05088,919820505088.0,ChIJfTRQUBLO5zsRs4Wm4FXt20U,400007.0,52,12,2024-09-22T16:37:18.086Z,"https://www.google.com/maps/search/grocery/@18.96477430992091,72.81271501915576,16z?hl=en",grocery,Maharashtra,"Shop No 85, Lokmanya Tilak Market",देवजी धनजी,False,Devji Dhanji,3.6,https://www.google.com/maps/search/?api=1&query=Devji%20Dhanji&query_place_id=ChIJfTRQUBLO5zsRs4Wm4FXt20U,"Shop 85, Lokmanya Tilak Market","Shop 85, Lokmanya Tilak Market, Grant Road East, Mumbai, Maharashtra 400007, India"
161,True,"No 17 & 18, Ground Floor, Poonawala Chawl, Ganapatrao Kadam Marg, Worli Naka, Lower Parel West, Lower Parel, Mumbai, Maharashtra 400023, India",Indian grocery store,Indian grocery store,16543332983687437894,Mumbai,False,IN,0x3be7cfde25848f01:0xe595b9b2c5b15e46,https://lh5.googleusercontent.com/p/AF1QipPDEXV5seYlVeoOybstvYKCRM9sNS0NnmKHBeYT=w408-h251-k-no,3.0,False,18.998407,72.8231861,"Worli Naka, Lower Parel West, Lower Parel",Monday,9 AM to 10 PM,Tuesday,9 AM to 10 PM,Wednesday,9 AM to 10 PM,Thursday,9 AM to 10 PM,Friday,9 AM to 10 PM,Saturday,9 AM to 10 PM,Sunday,9 AM to 10 PM,False,+91 90297 05054,919029705054.0,ChIJAY-EJd7P5zsRRl6xxbK5leU,400023.0,47,1,2024-09-22T16:37:18.117Z,"https://www.google.com/maps/search/grocery/@18.99726247023725,72.81271501915576,16z?hl=en",grocery,Maharashtra,"No 17 & 18, Ground Floor, Poonawala Chawl, Ganapatrao Kadam Marg",पतंजलि आरोग्य केंद्र,False,Patanjali Arogya Kendra,5.0,https://www.google.com/maps/search/?api=1&query=Patanjali%20Arogya%20Kendra&query_place_id=ChIJAY-EJd7P5zsRRl6xxbK5leU,"17 & 18, Ground Floor, Poonawala Chawl, Ganapatrao Kadam Marg","17 & 18, Ground Floor, Poonawala Chawl, Ganapatrao Kadam Marg, Worli Naka, Lower Parel West, Lower Parel, Mumbai, Maharashtra 400023, India"
164,True,"Shop No.9, Soonawala Apartment - A, 13/15 Arab Lane, Grant Lane (E, M T Ansari Rd, Girgaon, Mumbai, Maharashtra 400008, India",Wholesale grocer,Wholesale grocer,11957817732869959815,Mumbai,False,IN,0x3be7ce14ebeb9943:0xa5f2b3df7094b087,https://lh3.googleusercontent.com/gps-proxy/ALd4DhEkhffFLA8oz9jCagdlm4zrvdT42yMCAc0D6D2_CpT8cGl7LfdbA-ePHQ6Su4QGVYughVr3fgH3cBbBf6fNE3WEIZ9y9TeNiekd00793DZ9y_IbaYTn4pAFwoB7vhrD4N2kyB-fJbmu1kBryYNP1e1fDBNFrqhLtBaOvRZ10uUd07tz5yqNnLB1KDnPxYgk736n55E=w408-h306-k-no,4.0,False,18.9630563,72.8236843,"Navjeevan Society, Girgaon",Monday,9 AM to 9 PM,Tuesday,9 AM to 9 PM,Wednesday,9 AM to 9 PM,Thursday,9 AM to 9 PM,Friday,9 AM to 9 PM,Saturday,9 AM to 9 PM,Sunday,9 AM to 2 PM,False,+91 72083 45631,917208345631.0,ChIJQ5nr6xTO5zsRh7CUcN-z8qU,400008.0,53,4,2024-09-22T16:37:18.086Z,"https://www.google.com/maps/search/grocery/@18.96477430992091,72.81271501915576,16z?hl=en",grocery,Maharashtra,"Shop No.9, Soonawala Apartment - A, 13/15 Arab Lane, Grant Lane (E, M T Ansari Rd",ज़ैनी फूड्स,False,ZAINEE FOODS,5.0,https://www.google.com/maps/search/?api=1&query=ZAINEE%20FOODS&query_place_id=ChIJQ5nr6xTO5zsRh7CUcN-z8qU,"Shop No.9, Soonawala Apartment - A, 13/15 Arab Lane, Grant Lane (E, Ansari Rd","Shop No.9, Soonawala Apartment - A, 13/15 Arab Lane, Grant Lane (E, Ansari Rd, Girgaon, Mumbai, Maharashtra 400008, India"
165,True,"B-6, D S Road, Gandhi Nagar, Upper Worli, Worli, Mumbai, Maharashtra 400013, India",Grocery store,Grocery store,9138350659326753808,Mumbai,True,IN,0x3be7ce8de4180b59:0x7ed1f181f220bc10,https://lh5.googleusercontent.com/p/AF1QipNy-YxUhthLygjQb_j4CaAi5SDWKpNMz-KJaSAo=w408-h272-k-no,77.0,False,18.993873,72.821319,"Gandhi Nagar, Upper Worli, Worli",Monday,Closed,Tuesday,7:30 AM to 9 PM,Wednesday,7:30 AM to 9 PM,Thursday,7:30 AM to 9 PM,Friday,7:30 AM to 9 PM,Saturday,7:30 AM to 9 PM,Sunday,7:30 AM to 9 PM,False,+91 90293 62507,919029362507.0,ChIJWQsY5I3O5zsRELwg8oHx0X4,400013.0,48,9,2024-09-22T16:37:18.118Z,"https://www.google.com/maps/search/grocery/@18.99726247023725,72.81271501915576,16z?hl=en",grocery,Maharashtra,"B-6, D S Road",श्री राम ग्रेन शॉप,False,Shree Ram Grain Shop,4.3,https://www.google.com/maps/search/?api=1&query=Shree%20Ram%20Grain%20Shop&query_place_id=ChIJWQsY5I3O5zsRELwg8oHx0X4,"B-6, Road","B-6, Road, Gandhi Nagar, Upper Worli, Worli, Mumbai, Maharashtra 400013, India"
166,True,"Noorani building, Shop No 242 , Bara Imam Road, Loban galli, opp. Null bazar, Police Chowky, Mumbai, Maharashtra 400003, India",Indian grocery store,Indian grocery store,6266862769610720153,Mumbai,False,IN,0x3be7ce3d999b815d:0x56f85e7c56c48399,https://lh5.googleusercontent.com/p/AF1QipOoTH_stAXigXKdKYPcv3K6eKLfPJJEFy3mrJKM=w408-h247-k-no,4.0,False,18.9574302,72.8289684,"Ajmer, Police Chowky, Null Bazar, Bhuleshwar",Monday,9 AM to 8 PM,Tuesday,9 AM to 8 PM,Wednesday,9 AM to 8 PM,Thursday,9 AM to 8 PM,Friday,9 AM to 8 PM,Saturday,9 AM to 8 PM,Sunday,9 AM to 5 PM,False,+91 70213 34804,917021334804.0,ChIJXYGbmT3O5zsRmYPEVnxe-FY,400003.0,47,6,2024-09-22T16:37:18.075Z,"https://www.google.com/maps/search/grocery/@18.96477430992091,72.82988427305192,16z?hl=en",grocery,Maharashtra,"Noorani building, Shop No 242 , Bara Imam Road, Loban galli, opp. Null bazar",ए.एल.ए.एस. मसालावाला,False,A.L.A.S. Masalawala,4.5,https://www.google.com/maps/search/?api=1&query=A.L.A.S.%20Masalawala&query_place_id=ChIJXYGbmT3O5zsRmYPEVnxe-FY,"Noorani building, Shop 242 , Bara Imam Road, Loban galli, opp. Null bazar","Noorani building, Shop 242 , Bara Imam Road, Loban galli, opp. Null bazar, Police Chowky, Mumbai, Maharashtra 400003, India"
169,True,"Shop no.6a memni buildng, near Sagar hotel, Nagpada, Mumbai, Maharashtra 400008, India",Natural goods store,Natural goods store,8151890689442216012,Mumbai,True,IN,0x3be7cf848f09f297:0x712155643804784c,https://lh5.googleusercontent.com/p/AF1QipNGL8wyGwMMTlDlxE4-qG8P8D24822qP18il3DX=w408-h725-k-no,1.0,False,18.9662667,72.8288391,Nagpada,Monday,9 AM to 8:30 PM,Tuesday,9 AM to 8:30 PM,Wednesday,9 AM to 8:30 PM,Thursday,9 AM to 8:30 PM,Friday,9 AM to 8:30 PM,Saturday,9 AM to 8:30 PM,Sunday,10 AM to 6:30 PM,False,+91 98923 70336,919892370336.0,ChIJl_IJj4TP5zsRTHgEOGRVIXE,400008.0,50,9,2024-09-22T16:37:18.075Z,"https://www.google.com/maps/search/grocery/@18.96477430992091,72.82988427305192,16z?hl=en",grocery,Maharashtra,"Shop no.6a memni buildng, near Sagar hotel",आरिफ ट्रेडर्स,False,Arif Traders,4.9,https://www.google.com/maps/search/?api=1&query=Arif%20Traders&query_place_id=ChIJl_IJj4TP5zsRTHgEOGRVIXE,"Shop no.6a memni buildng, near Sagar hotel","Shop no.6a memni buildng, near Sagar hotel, Nagpada, Mumbai, Maharashtra 400008, India"
170,True,"7, ALTVIEW BLDG, Altamount Rd, opp. BANK OF INDIA, Gowalia Tank, Tardeo, Mumbai, Maharashtra 400026, India",Gourmet grocery store,Gourmet grocery store,6528526220273029076,Mumbai,False,IN,0x3be7cfcb8cd46567:0x5a99fc01fa328fd4,https://lh5.googleusercontent.com/p/AF1QipM35ZP9KPb7PuX6AmP3GBYB5nqlWa6Oo5GXJz4Y=w408-h544-k-no,4.0,False,18.9672903,72.8099867,"Gowalia Tank, Tardeo",Monday,9 AM to 8 PM,Tuesday,9 AM to 8 PM,Wednesday,9 AM to 8 PM,Thursday,9 AM to 8 PM,Friday,9 AM to 8 PM,Saturday,9 AM to 8 PM,Sunday,9 AM to 12 PM,False,+91 90225 31336,919022531336.0,ChIJZ2XUjMvP5zsR1I8y-gH8mVo,400026.0,55,7,2024-09-22T16:37:18.086Z,"https://www.google.com/maps/search/grocery/@18.96477430992091,72.81271501915576,16z?hl=en",grocery,Maharashtra,"7, ALTVIEW BLDG, Altamount Rd, opp. BANK OF INDIA",रोमन स्टोर्स,False,ROMAN STORES,4.1,https://www.google.com/maps/search/?api=1&query=ROMAN%20STORES&query_place_id=ChIJZ2XUjMvP5zsR1I8y-gH8mVo,"7, ALTVIEW BLDG, Altamount Rd, opp. BANK INDIA","7, ALTVIEW BLDG, Altamount Rd, opp. BANK INDIA, Gowalia Tank, Tardeo, Mumbai, Maharashtra 400026, India"
174,True,"126, Nabullah Rd, Ajmer, Kumbharwada, Mumbai, Maharashtra 400003, India",Grocery store,Grocery store,9656570529207278713,Mumbai,False,IN,0x3be7cf1194fd4fe7:0x860307bbcde7dc79,https://streetviewpixels-pa.googleapis.com/v1/thumbnail?panoid=BjTnXE3miViPaZErDwSb7Q&cb_client=search.gws-prod.gps&w=408&h=240&yaw=79.25115&pitch=0&thumbfov=100,1.0,False,18.9591221,72.8288704,"Ajmer, Kumbharwada",Monday,8 AM to 8 PM,Tuesday,8 AM to 8 PM,Wednesday,8 AM to 8 PM,Thursday,8 AM to 8 PM,Friday,8 AM to 8 PM,Saturday,8 AM to 8 PM,Sunday,8 AM to 4 PM,False,+91 70213 34012,917021334012.0,ChIJ50_9lBHP5zsRedznzbsHA4Y,400003.0,51,1,2024-09-22T16:37:18.075Z,"https://www.google.com/maps/search/grocery/@18.96477430992091,72.82988427305192,16z?hl=en",grocery,Maharashtra,"126, Nabullah Rd",ताज ट्रैडर,False,TAJ TRADERS,5.0,https://www.google.com/maps/search/?api=1&query=TAJ%20TRADERS&query_place_id=ChIJ50_9lBHP5zsRedznzbsHA4Y,"126, Nabullah Rd","126, Nabullah Rd, Ajmer, Kumbharwada, Mumbai, Maharashtra 400003, India"
175,True,"XR57+P64, Gamdevi Rd, Grant Road (W), Gamdevi, Mumbai, Maharashtra 400007, India",Grocery store,Grocery store,4036316539922742491,Mumbai,True,IN,0x3be7ce0c3346b465:0x3803e081fb20fcdb,https://streetviewpixels-pa.googleapis.com/v1/thumbnail?panoid=kV8p16f-gp-N6fMY7yFiew&cb_client=search.gws-prod.gps&w=408&h=240&yaw=118.66225&pitch=0&thumbfov=100,1.0,False,18.9592676,72.8130652,"Grant Road (W), Gamdevi",Monday,9 AM to 10 PM,Tuesday,9 AM to 10 PM,Wednesday,9 AM to 10 PM,Thursday,9 AM to 10 PM,Friday,9 AM to 10 PM,Saturday,9 AM to 10 PM,Sunday,9 AM to 10 PM,False,+91 98193 32535,919819332535.0,ChIJZbRGMwzO5zsR2_wg-4HgAzg,400007.0,57,2,2024-09-22T16:37:18.086Z,"https://www.google.com/maps/search/grocery/@18.96477430992091,72.81271501915576,16z?hl=en",grocery,Maharashtra,"XR57+P64, Gamdevi Rd",जोशी स्टोअर्स,False,Joshi Stores,5.0,https://www.google.com/maps/search/?api=1&query=Joshi%20Stores&query_place_id=ChIJZbRGMwzO5zsR2_wg-4HgAzg,"XR57+P64, Gamdevi Rd","XR57+P64, Gamdevi Rd, Grant Road (W), Gamdevi, Mumbai, Maharashtra 400007, India"
177,True,"Municipal Stall No. 14,15, G.K.Marg, opp. PENINSULA BUSINESS PARK TOWER, Lower Parel West, Mumbai, Maharashtra 400013, India",Supermarket,Supermarket,9584614569488830669,Mumbai,False,IN,0x3be7cef2d8341a3d:0x8503642b636a50cd,https://lh5.googleusercontent.com/p/AF1QipMTuWdJ5lEMK1Ewf1jrTs8zyTJrePeQnKJ6Njz8=w408-h306-k-no,4.0,False,19.000258,72.8238143,"Lower Parel West, Lower Parel",Monday,9 AM to 11 PM,Tuesday,9 AM to 11 PM,Wednesday,9 AM to 11 PM,Thursday,9 AM to 11 PM,Friday,9 AM to 11 PM,Saturday,9 AM to 11 PM,Sunday,9 AM to 11 PM,False,+91 91676 79437,919167679437.0,ChIJPRo02PLO5zsRzVBqYytkA4U,400013.0,50,3,2024-09-22T16:37:18.118Z,"https://www.google.com/maps/search/grocery/@18.99726247023725,72.81271501915576,16z?hl=en",grocery,Maharashtra,"Municipal Stall No. 14,15, G.K.Marg, opp. PENINSULA BUSINESS PARK TOWER",साई सिद्दी कोल्ड ड्रिंक,False,Sai Siddi Cold Drink,5.0,https://www.google.com/maps/search/?api=1&query=Sai%20Siddi%20Cold%20Drink&query_place_id=ChIJPRo02PLO5zsRzVBqYytkA4U,"Municipal Stall No. 14,15, G.K.Marg, opp. PENINSULA BUSINESS PARK TOWER","Municipal Stall No. 14,15, G.K.Marg, opp. PENINSULA BUSINESS PARK TOWER, Lower Parel West, Mumbai, Maharashtra 400013, India"
178,True,"Shop No.7, Awing, Forjett St, opp. Bhatia Hospital Lane, Anand Nagar, Tardeo, Mumbai, Maharashtra 400036, India",Candy store,Candy store,16660500999596170092,Mumbai,False,IN,0x3be7ce730f005c41:0xe735fd6354f85b6c,https://lh5.googleusercontent.com/p/AF1QipNoTm7BkckTJRWiK_JnMLZ-eO1aUfXqp4bhJHMl=w408-h612-k-no,203.0,False,18.9659791,72.8121038,"Anand Nagar, Tardeo",Monday,9 AM to 9 PM,Tuesday,9 AM to 9 PM,Wednesday,9 AM to 9 PM,Thursday,9 AM to 9 PM,Friday,9 AM to 9 PM,Saturday,9 AM to 9 PM,Sunday,9 AM to 2 PM,False,+91 22 2386 5021,912223865021.0,ChIJQVwAD3PO5zsRbFv4VGP9Nec,400036.0,58,51,2024-09-22T16:37:18.086Z,"https://www.google.com/maps/search/grocery/@18.96477430992091,72.81271501915576,16z?hl=en",grocery,Maharashtra,"Shop No.7, Awing, Forjett St, opp. Bhatia Hospital Lane",साखर आणि मसाला,False,Sugar & Spices,4.1,https://www.google.com/maps/search/?api=1&query=Sugar%20%26%20Spices&query_place_id=ChIJQVwAD3PO5zsRbFv4VGP9Nec,"Shop No.7, Awing, Forjett St, opp. Bhatia Hospital Lane","Shop No.7, Awing, Forjett St, opp. Bhatia Hospital Lane, Anand Nagar, Tardeo, Mumbai, Maharashtra 400036, India"
183,True,"47, Dr Anandrao Nair Marg, RTO Colony, Agripada, Mumbai, Maharashtra 400008, India",Grocery store,Grocery store,8875372202309690716,Mumbai,False,IN,0x3be7ce693214596d:0x7b2ba7fe880ba55c,https://lh5.googleusercontent.com/p/AF1QipOq1G8bpe0KK26yrakNs18rclLz_AhjWO7DYkHH=w519-h240-k-no,72.0,False,18.972099,72.822124,"RTO Colony, Agripada",Monday,Open 24 hours,Tuesday,Open 24 hours,Wednesday,Open 24 hours,Thursday,Open 24 hours,Friday,Open 24 hours,Saturday,Open 24 hours,Sunday,Open 24 hours,False,+91 77000 48363,917700048363.0,ChIJbVkUMmnO5zsRXKULiP6nK3s,400008.0,53,95,2024-09-22T16:37:18.075Z,"https://www.google.com/maps/search/grocery/@18.96477430992091,72.82988427305192,16z?hl=en",grocery,Maharashtra,"47, Dr Anandrao Nair Marg",जेनरल मेडिकल एलएलपी,False,General Medical LLP,2.6,https://www.google.com/maps/search/?api=1&query=General%20Medical%20LLP&query_place_id=ChIJbVkUMmnO5zsRXKULiP6nK3s,"47, Dr Anandrao Nair Marg","47, Dr Anandrao Nair Marg, RTO Colony, Agripada, Mumbai, Maharashtra 400008, India"
184,True,"Ganjawala Building, 352A, Old, Bellasis Rd, opp. Hindmata Hotel, Tardeo, Mumbai, Maharashtra 400034, India",Grocery store,Grocery store,16310850894331010048,Mumbai,False,IN,0x3be7ce6dfa8bdb7b:0xe25bc87844f65c00,https://lh3.googleusercontent.com/gps-proxy/ALd4DhHFgc2HM-hHUv_Ysxo8ghDrusMOEKAHjUWMBcDXG_UuZJqOPrMI0TXxM08oRQfKD6TvlFJpMNihvOZGMk1HJvZAGZeHeHNNehNwJvu-T7ambrJ6yLDidmJxq5Hxb5bH23aoAkhePJR2ltAluBL793GKYm89Y7jDlJFae3Ok2QYtb7oJ1krVlsjocmlQ4_nP5xLF_00=w408-h306-k-no,2.0,False,18.9693617,72.8167082,"Dadal Estate, Bane Compound, Tardeo",Monday,7:30 AM to 9:30 PM,Tuesday,7:30 AM to 9:30 PM,Wednesday,7:30 AM to 9:30 PM,Thursday,7:30 AM to 9:30 PM,Friday,7:30 AM to 9:30 PM,Saturday,7:30 AM to 9:30 PM,Sunday,7:30 AM to 9:30 PM,False,+91 77388 33479,917738833479.0,ChIJe9uL-m3O5zsRAFz2RHjIW-I,400034.0,59,1,2024-09-22T16:37:18.086Z,"https://www.google.com/maps/search/grocery/@18.96477430992091,72.81271501915576,16z?hl=en",grocery,Maharashtra,"Ganjawala Building, 352A, Old, Bellasis Rd, opp. Hindmata Hotel",भूलाभाई वेल्जी & कंपनी,False,Bhulabhai Velji & Company,5.0,https://www.google.com/maps/search/?api=1&query=Bhulabhai%20Velji%20%26%20Company&query_place_id=ChIJe9uL-m3O5zsRAFz2RHjIW-I,"Ganjawala Building, 352A, Old, Bellasis Rd, opp. Hindmata Hotel","Ganjawala Building, 352A, Old, Bellasis Rd, opp. Hindmata Hotel, Tardeo, Mumbai, Maharashtra 400034, India"
190,True,"Ship No 9, Br Gawde Market, Chandrakant S Rane Marg, Worli Naka, BDD Chawls Worli, Worli, Mumbai, Maharashtra 400018, India",Grocery store,Grocery store,239537235553149530,Mumbai,True,IN,0x3be7ce8fe6d2fe53:0x35301d8bb9fe25a,https://streetviewpixels-pa.googleapis.com/v1/thumbnail?panoid=B2Akj2yQy_UabGprmVLJ3A&cb_client=search.gws-prod.gps&w=408&h=240&yaw=253.11781&pitch=0&thumbfov=100,1.0,False,18.9999537,72.8177121,"Worli Naka, BDD Chawls Worli, Worli",Monday,8 AM to 9:30 PM,Tuesday,8 AM to 9:30 PM,Wednesday,8 AM to 9:30 PM,Thursday,8 AM to 9:30 PM,Friday,8 AM to 9:30 PM,Saturday,8 AM to 9:30 PM,Sunday,8 AM to 9:30 PM,False,+91 99693 81983,919969381983.0,ChIJU_7S5o_O5zsRWuKfu9gBUwM,400018.0,53,1,2024-09-22T16:37:18.118Z,"https://www.google.com/maps/search/grocery/@18.99726247023725,72.81271501915576,16z?hl=en",grocery,Maharashtra,"Ship No 9, Br Gawde Market, Chandrakant S Rane Marg",घाची ग्रेन & प्रोविजन शॉप,False,Ghachi Grain & Provision Shop,5.0,https://www.google.com/maps/search/?api=1&query=Ghachi%20Grain%20%26%20Provision%20Shop&query_place_id=ChIJU_7S5o_O5zsRWuKfu9gBUwM,"Ship 9, Br Gawde Market, Chandrakant Rane Marg","Ship 9, Br Gawde Market, Chandrakant Rane Marg, Worli Naka, BDD Chawls Worli, Worli, Mumbai, Maharashtra 400018, India"
195,True,"No.129, Hussain Bhai Mansion, Sardar Vallabhbhai Patel Rd, Null Bazar, Bhuleshwar, Mumbai, Maharashtra 400003, India",Grocery store,Grocery store,1092310418161203081,Mumbai,True,IN,0x3be7ce3d9410f7a7:0xf28aa89baf4f789,https://lh5.googleusercontent.com/p/AF1QipMzcmRifJj568k-3zmIbbRTu9j1JuwhV2R3FVYk=w408-h425-k-no,4.0,False,18.9579367,72.8287547,"Ajmer, Null Bazar, Bhuleshwar",Monday,8 AM to 8 PM,Tuesday,8 AM to 8 PM,Wednesday,8 AM to 8 PM,Thursday,8 AM to 8 PM,Friday,8 AM to 8 PM,Saturday,8 AM to 8 PM,Sunday,8 AM to 8 PM,False,+91 22 2346 1856,912223461856.0,ChIJp_cQlD3O5zsRiff0uomqKA8,400003.0,56,23,2024-09-22T16:37:18.075Z,"https://www.google.com/maps/search/grocery/@18.96477430992091,72.82988427305192,16z?hl=en",grocery,Maharashtra,"No.129, Hussain Bhai Mansion, Sardar Vallabhbhai Patel Rd",स दलीचंद देवीचंद & कंपनी,False,Sha Dalichand Devichand & Company,4.3,https://www.google.com/maps/search/?api=1&query=Sha%20Dalichand%20Devichand%20%26%20Company&query_place_id=ChIJp_cQlD3O5zsRiff0uomqKA8,"No.129, Hussain Bhai Mansion, Sardar Vallabhbhai Patel Rd","No.129, Hussain Bhai Mansion, Sardar Vallabhbhai Patel Rd, Null Bazar, Bhuleshwar, Mumbai, Maharashtra 400003, India"
